-0.0376756888308902,-0.0330608622608882
0.0207261305171169,0.0133557911815557
-0.01898245091229,-0.0167227977294601
-0.0408945871666518,-0.0378051893417152
-0.0521533450879916,-0.0484399628000675
-0.00383142231155598,0.0109690313705739
0.0171269647928006,0.0144406841547944
0.0131210879626972,0.0142351158218719
0.0147877001543795,0.0105449131766149
0.00731264684628652,-0.00701757265864655
-0.0239642804387287,-0.0177624563398402
-0.0264665731881633,-0.0199101599593298
-0.019342962843131,-0.0221820555259746
-0.0459621355646358,-0.0458971566923022
0.0101730277130505,0.0136056520557787
0.00605450890870618,0
-0.0410735352082875,-0.0293850721597438
0.00418410652257395,0.00198609797162941
-0.0470172065167104,-0.0467089979656076
0.0259193775520745,0.0041493835468116
0.0356058554542145,0.0660901118289901
0.0143005501421963,0.00964327627180417
-0.0040650462481695,-0.00384615858747828
-0.0205768576887595,-0.0194558666153659
-0.0295380124368637,-0.0299124993626002
0.0211872332194438,0.0100705785635962
0.0410735352082875,0.0315608049122175
0.0718058128635662,0.058452075081169
-0.0420712139206871,-0.0278569545029663
0.0326638068187917,0.0186572576045427
0.0150096626505652,0.0146791626630491
0.00742118433761685,0
-0.00370370793748431,-0.00731264684628652
-0.0225150223676349,-0.0222643704973996
-0.0114505067879954,-0.00753299230754512
0.00764822083825689,0.00565505748334494
0.0300210162548578,0.0278053130803368
0.0164989993800351,0.0127158843253027
-0.0257841171557146,-0.0237454079008024
-0.0037383221106071,-0.00185013928816147
-0.0362289382964588,-0.0358190978049532
0.0192313619278877,0.0152383901049326
0.0132452267500206,0.0112783150377072
0.0259754864032608,0.024008540052009
0.0036563112031105,0.0108893997992683
0.00364299127850098,-0.00180668522494909
0.0180185055026784,0.0196962499757239
0.00356506616449614,0.00353982670512409
-0.0197670407407766,-0.0250460319260875
-0.00363636764338382,0.0036166404701885
0.00725956001280414,0.00540055318000021
-0.0219387226758533,-0.02177944526404
-0.0609712622959588,-0.0605099494924747
0.0290436677705195,0.0231224174208543
-0.00191022025611931,0.00569802111463769
-0.00191387618228411,-0.00189573516489916
-0.0212979976789344,-0.0210937830597996
-0.00588814262522253,-0.00388350002639759
-0.0118813278867527,-0.00977524890464243
0.00595830958363064,0.00587660848898508
0.00788958727516287,0.00584227562422834
-0.0218479395258698,-0.0255667809720069
0.019881370553829,0.0138478968587935
0.0136854530852543,0.00977524890464243
0.0019398648178266,0.00194363520857099
-0.00778214044205494,-0.00975617494536474
-0.00195503483580339,0.00391389932113639
0.0155342929621842,0.0116506172199753
-0.0155342929621842,-0.00969939708871359
0.0193804515496625,0.0173917427118693
0.024645797206828,0.0227282510775562
0.00187090793581168,0.00560225554866978
0.0148425730379289,0.00742118433761685
-0.0167134809737406,-0.0167757895048372
0.0185534078957478,0.0204658305922911
-0.0185534078957478,-0.0185878957680909
0.00560225554866978,0.00374532273016204
-0.00747667034302013,-0.00562325755436222
-0.00753299230754512,-0.00754720563538291
-0.00189214815203798,0
-0.0114286958236227,-0.0114286958236227
0.0170944333593001,0.0170944333593001
0.0149535496670584,0.0112360732669259
0.0256424306133376,0.0147877001543795
0.00180668522494909,-0.00367647472930865
0.0249567319738673,0.0254559199933486
0,0.00537154380191085
-0.00529568757471033,-0.00896866998276036
0.001768347056742,0.0143115143932556
-0.0124446050480836,-0.0143115143932556
0.0106762579913416,0.0107527917762618
-0.0124667687651299,-0.0107527917762618
-0.00719427563402708,-0.00723330459352012
0.0089847864078153,0.00903348509766788
0.0124446050480836,0.0160574368958585
0.00704228262541284,0.00353357258131104
0.00873367996875463,0.0122700925918144
-0.0228681909036592,-0.0282704339382553
-0.0125337361472565,-0.00719427563402708
-0.00542006746933921,-0.00180668522494909
0.00180995524523941,0
0.00900096085897617,0.0143629040003616
0.0195214717450198,0.0159154553058993
0.0156934345460465,0.0156661167443994
-0.00868815195763795,-0.0209431738452432
0.0155847310166983,0.0157483569681393
-0.0121004069340874,-0.0175135824927083
0,0.00879513145282729
0.00520382787502705,0.00524018666355619
0,0.00521287018853311
0.0103271141558496,0.0103449198423928
-0.00515022597631587,-0.013817145553142
-0.0138650401371717,-0.00523104941755259
-0.0070052825884086,-0.00701757265864655
0,0.00701757265864655
0.00525855725346691,-0.00174978172378759
-0.0176371414861066,-0.015887359762319
-0.0197670407407766,-0.0179538036165957
0.0144146640021847,0.016172859245601
0.0053523767385919,0.00355872261699386
0.0553774694689537,0.0569610389256594
-0.00845313571105821,-0.00504626806762432
0.011814483413763,0.011735256218421
0.0133335308694652,0.00829880281469508
-0.00165700120762946,-0.003311261303656
0.00825768523898157,0.00165700120762946
0,0.00660068403135211
0.00164338574373002,0.00164338574373002
0.0162870049746991,0.0162870049746991
-0.0097403367483847,-0.0097403367483847
-0.0181074906273904,-0.011484949866897
0.0148395138627743,0.0147422817372034
-0.00986850114075388,-0.00980400009662086
0.00494642393532557,0.00491401480242903
0.00164338574373002,-0.0032733253449691
-0.00824406977508213,-0.00328407520118995
0.00824406977508213,0.00328407520118995
0.00164068945745993,0.0032733253449691
0.0032733253449691,0.00488998529419182
0.00975617494536474,0.00486618965117291
0.00645163528148868,0.00484262447578798
0.0206849061535122,0.0254385736386846
-0.011084832424493,-0.00788026142530596
-0.0128206884290614,-0.0143428753594043
-0.00485045413374946,-0.00644124610285707
-0.0262740893701802,-0.0295103381493885
0.00166251077361346,0.00663352349563384
0.0132015118585359,0.0115038244814846
-0.0181973590519077,-0.016474837203505
-0.0219418085384367,-0.0252326254807247
0.00170503025108382,0.00679119757800184
0.00340136382349032,0.00337838159162718
0,0.00168492036491952
0.0134909297410154,0.0117156151725627
-0.00672271439487671,-0.0033333364197583
0.00839635495290636,0.00665559861173615
-0.00167364055802965,-0.00332226219197784
-0.00335570784697237,-0.0033333364197583
0.0116960397631913,0.0116183879538652
-0.0033277900926747,-0.0116183879538652
0.0132452267500207,0.0165566695944477
0.0130720815673528,0.0130507561954908
0.0112995552539334,0.0112813444640399
0.00160384958197451,0
-0.0129034048359079,-0.0096619109117369
-0.00978800636616284,-0.0146701897477938
-0.0115417604401715,-0.00824406977508213
0.00165700120762946,0.00165426009602654
-0.0200675630508093,-0.0116377040802097
-0.0204785313435407,-0.0117747365445335
0.00344234419097289,-0.00849622782908566
0.0153455696746604,0.0169208774883371
-0.0153455696746604,-0.0152158472372533
-0.0103627870355466,-0.00855437209665855
-0.0192819295494503,-0.0103627870355466
0.0105634785095693,0.00519481687710399
0.0156388938844547,0.0137223422551012
0.00515908281002742,0.00340136382349032
0.0102389973010943,0.00845313571105821
-0.0102389973010943,-0.010152371464018
-0.00861331767811491,-0.010256500167189
0.00345423486808749,0.00343053509678926
-0.0103987072208985,-0.0103271141558496
0.0291866210865318,0.0256205303253479
-0.0222421487337208,-0.0187239512662876
0.00172860890061777,-0.00171969087952661
0.00172562596746972,0.00343642949858114
0.0221662954572605,0.0186921330121526
0.0150630463110957,0.0183491386681965
0.0066225407604934,0.0115038244814846
-0.00828505153410686,-0.00820349145282778
0,-0.00164880499018383
0.00332226219197784,0.00329489589685256
0.0131797624444099,0.0163135754915238
0.0032679767646161,-0.00161943355230298
0.00488202759730838,0.00807106883379166
0.00969312920565968,0.00960007372901922
0.0143657698020337,0.011084832424493
-0.0175863845020759,-0.00631913635147852
0.00963089306096127,-0.00158604315563476
-0.00801928916661976,-0.0095694510161507
-0.0097088141269609,-0.0096619109117369
0.00486618965117291,0.00645163528148868
0.00484262447578798,0.00641027836091906
0.0207178725037472,0.0221178052536191
-0.00950878796902727,-0.0109977542095414
-0.00638979809877099,-0.00793025567597755
0.00638979809877099,0.00634922767865875
0,-0.0047581374464169
0,0.0047581374464169
0.00317965291737971,0.0110150602306774
0,0
-0.00317965291737971,-0.00627945548484315
0,-0.00315457674851544
0.00476569607301447,0.00786786120061367
0.0110324208035767,0.0062500203451713
0,0.0261352308125461
0.0201713588637794,-0.00608829886725532
-0.0154801852878992,-0.0153849188394795
0.00622085987510246,0.00154918698682938
0.00618239990831748,0.0138357318526501
-0.00773399059973634,-0.00612559342668267
-0.00311042241439247,-0.00461894585629458
-0.014117881545785,-0.00930239266231353
-0.020750944105039,-0.0236417630570405
-0.0113545421029259,-0.0128412679483246
0,-0.00161681522690532
-0.00163265342388536,0.00161681522690532
0,-0.00323624877920831
-0.00655740054615905,-0.00487409575824532
-0.0334479340675402,-0.0314335226015128
-0.010256500167189,-0.0118344576470029
0.00855437209665855,0.0218679866365807
-0.0119967162876314,-0.0117156151725627
-0.0173917427118692,-0.0169783365344178
0.0104712998672954,0.00852520082335961
-0.0281708769666962,-0.0257967873320203
0.0159436503971359,0.0172715865086607
-0.00528635592314797,-0.00515022597631587
0.00879513145282729,0.00856903272510134
-0.00879513145282729,-0.0102916860365476
-0.001768347056742,-0.00345423486808749
0.0227481375259365,0.0188523149792093
0,-0.0136754267996755
-0.0478390595194629,-0.0279250257054703
0.0162019745762805,0.0140599855682986
-0.00178731057409576,0
-0.0235304974101941,-0.0229489329855445
0.0145457110023788,0.00888894741724588
0.0196610443991569,0.0105634785095693
-0.0196610443991569,-0.0176683041333138
-0.0127158843253027,-0.00536194314138538
-0.00549955556603854,0
-0.0279608149976432,-0.0272496424473755
0,-0.00184331849428931
0.0334603705636818,0.0237021123067884
-0.0259273782561367,-0.0181823190831905
0.00374532273016204,-0.00183654780730147
0.0294680622569079,0.0272002262991565
-0.0220192382439173,-0.021700670733118
-0.0111941467431527,-0.00918280098233504
-0.00375940292390575,-0.00740744127786175
0.0260237734213054,0.0311095535846502
0.0109490144896703,0.0143115143932556
0.00362319236942032,-0.00177777824599912
0.00900096085897617,0.015887359762319
-0.00359066813072861,-0.00526779093485896
0.0370739722575171,0.0363047649304354
-0.0174829627803476,-0.0188523149792093
-0.00885745383406078,-0.0174524499512262
0.00532388125274974,0.00175901540517964
-0.00888894741724588,-0.00882618262827206
-0.0345175048827134,-0.0215062052209634
-0.00185013928816147,0.0108109161042156
-0.0149256502166757,-0.0272496424473755
-0.0170620252767215,-0.0129751588631335
0,0.00186393343806268
0.00191022025611931,-0.00373134761285809
-0.0173247836573061,-0.0169655341582967
-0.00194363520857099,-0.0019029501460861
0.0154443224274736,0.011363758650315
0.00573067470898503,0.00563381771825611
0.0019029501460861,-0.00187441479435035
-0.0133973295718213,-0.00753299230754512
-0.0155342929621842,-0.0229455573498704
0.00973717527785833,0.005785937067044
0,0
0.0510025544523728,0.048790164169432
0.0182486815883993,0.0109290705321903
-0.0164087546663921,-0.0127622516138512
0.0343303812837475,0.0360399364831967
-0.0107143882124061,-0.0124667687651299
0.00715566559541225,0.0160003413464409
-0.016172859245601,-0.0142098305726527
0.016172859245601,0.0142098305726527
0.00355872261699386,0.00352113039857893
-0.00177777824599912,-0.00352113039857893
0,-0.00707967558806166
-0.00178094437099474,0.00531445006349263
0,0.00176522552456904
-0.0179860963697819,-0.0195910094771695
-0.00911583340800937,-0.00903348509766788
-0.00919969689842359,-0.00911583340800937
-0.00185013928816147,0
0.0128796628636612,0.0127390257774297
0.021700670733118,0.021467729624106
0.015971945566052,0.0140599855682986
0.00351494210744452,0.00174367960482691
0.0259754864032606,0.0240975515790605
-0.0155041865359652,-0.0136988443581619
-0.00347826437632481,-0.00518583703236541
0.00694447235281104,0.0086281812233383
0.0340168852782543,0.0271203062191939
-0.0117747365445335,-0.00839635495290636
-0.0153455696746604,-0.0204436421458142
0.00684934184557473,0.00343642949858114
-0.00856903272510134,-0.00343642949858114
-0.0138650401371717,-0.0138650401371717
0.0173014696357529,0.0155847310166983
-0.0103449198423928,-0.0155847310166983
0.00690849034381169,0.0138650401371717
0,-0.003448279278916
0.0119761910467157,0.00859850525523187
0,-0.00687287928776215
-0.0188846813905273,-0.0138891121606671
0.0239737508979987,0.0156117654721134
-0.00508906950747134,0
0,0.00171969087952661
-0.0136988443581619,-0.0086281812233383
-0.0173917427118692,-0.0139618323817686
-0.0212773984472847,-0.0159436503971359
0,-0.00178731057409576
0.0124667687651299,0.0142098305726527
0.0158036651731255,0.00877968765204584
-0.00524018666355619,-0.00350263055120204
-0.0230302472746992,-0.0176995770994007
0.0106952891167478,0.0106572944739879
-0.0142859572474764,-0.0106572944739879
0.008952611272114,0.00888894741724588
-0.0107527917762618,-0.00710482562374448
0.00180018050414776,-0.0017841217935014
-0.00360360750329847,-0.00178731057409576
-0.0036166404701885,0
-0.0036297680505788,-0.0071813594086646
-0.00181983671698593,-0.00723330459352012
-0.00547946576462555,0.00181323712418091
-0.00919969689842359,-0.00727275932907978
0.018315530306433,0.0180836754332954
-0.00181653092639789,-0.00179372245402687
-0.00729930248161148,-0.00540055318000021
0.0181493185056772,0.0107720969819111
-0.00541029272824756,-0.00896866998276036
0.00180668522494909,0.0071813594086646
-0.00542987759436941,-0.00538117890451684
0.00542987759436941,0.00179694567670174
-0.00180668522494909,0.00358423322781509
0.00541029272824756,0.0053523767385919
0.008952611272114,0.00355240160436765
-0.008952611272114,-0.00890477834295955
-0.0108500160240658,-0.0144146640021847
-0.0239201837176519,-0.0201656695945944
-0.00935460516722031,-0.00743497848751806
0.00749067172915763,0.00928511777567953
-0.0037383221106071,-0.0055607186846971
0.00560225554866978,0.00371057939653563
0.0147877001543795,0.0165293019512106
-0.00551979322359797,-0.00914919465358799
-0.0092679069307815,-0.00923367594694546
0.00371747640013254,0.00739374902493828
0,0
0.00739374902493828,0.00550965581096963
0.00550965581096963,0.00547946576462555
0.00547946576462555,0.00363636764338382
-0.0165293019512106,-0.00545952220489887
-0.00371057939653563,-0.0110092855083694
0,-0.00184672259316465
-0.0130965389198456,-0.00928511777567953
-0.00566573753567734,0.00186393343806268
0.00942514045958309,0.00371747640013254
-0.0132202114281347,-0.0130720815673528
-0.0019029501460861,-0.00376648279547687
-0.0114943794257352,-0.00947874395454373
-0.00773698250215249,-0.0095694510161507
0.00773698250215249,0.0095694510161507
-0.00386100865745953,-0.0095694510161507
0.005785937067044,0.00383877630716567
-0.00385356931599001,-0.00383877630716567
0,-0.00192492840958447
0.00192864090640554,0.00384615858747828
-0.00386100865745953,-0.00192123017789381
0,0.00575265248944978
0.00770716724493781,0.00191022025611931
0.00191754612927186,0.00380952841666771
0,-0.0019029501460861
-0.0173917427118693,-0.0153553880831947
-0.00782782862024678,-0.0175614269299472
0,0.00979439759228762
-0.0158419154656579,-0.013739175883304
-0.0181273845925567,-0.0159365922628126
0.0141273792592106,0.013958352250707
0.00200200267067308,0.0039525743158233
-0.00601807232556306,-0.00197433430371763
-0.0223814021961349,-0.0260274952447754
0.0122700925918143,0.0080808520539386
-0.0184620628397354,-0.0182746202434816
0.0365894474322921,0.0342430234222127
-0.0120483385161745,-0.0159684031787312
0.00604231445596259,0.0100100935951005
-0.0182375875497809,-0.0100100935951005
0.0101730277130505,0.0100100935951005
0.00404040953700491,0.00397614837963944
0.0199607425625381,0.0235304974101941
-0.00396040121609686,-0.00388350002639759
-0.00997017231984998,-0.0117418178766833
-0.0100705785635962,-0.0178753518269632
0.0100705785635962,0.0257185292879891
-0.0100705785635962,-0.00784317746102592
0,-0.00197044398729873
-0.0204506104712908,-0.0119049025063184
-0.0124741742251757,-0.0140705838969423
0.0104059211611167,0.0160646025038067
-0.0041493835468116,-0.00399202126953746
0.0347328069188918,0.031498667059371
0.0257695131790515,0.0229895182246987
0.0193804515496625,0.0150378773645405
-0.0135267762982018,-0.0150378773645405
0.00775197680431794,0.00189214815203798
-0.00775197680431794,-0.0114069677933766
0.00194363520857099,0.00191022025611931
0.00580834159574695,0.00570886422032013
0.0115164420615591,0.0113208756244823
-0.00574164256767529,-0.00564441761967704
-0.0115831410896308,-0.00947874395454373
0.00387597384469296,0.00759016926667566
0.0248341320377384,0.016870128303485
0.00188501469577129,0.00371057939653563
-0.011363758650315,-0.0243685910169578
-0.0095694510161507,0.0075614727005765
0.00575265248944978,0.00188146809970557
-0.00575265248944978,-0.00565505748334494
-0.0372227104906083,-0.0346188416545951
0,0
0.00597016698650388,0.00585367525146074
0,0
0.0019821612039912,0
0,0.00581960905326395
0.00592301830312203,0.00193236775105399
-0.00592301830312203,-0.00775197680431794
0.00788958727516287,0.00968061771072348
0.0366482671557388,0.0340942113429761
0.00754720563538291,0.00371747640013254
-0.0151518050206022,-0.0149535496670584
0.00760459938521929,0.00750472565406779
-0.00379507096855158,-0.00750472565406779
-0.0019029501460861,0
0.0151231615742208,0.00563381771825611
0.0295770173436861,0.036768847787089
0.0198383422196643,0.0196610443991569
-0.00178731057409576,0.00353357258131104
-0.0126014268780038,-0.0142098305726527
-0.00727275932907978,-0.0089847864078153
0.00545952220489887,0.00719427563402708
0,0.00179051077378822
0.00362319236942032,0.00178731057409576
0.0072072384049493,0.00711746776886379
-0.00901719365018872,-0.00355240160436765
-0.0036297680505788,-0.00893660996640699
-0.00181983671698593,-0.00359712618084951
-0.0146791626630491,-0.0181823190831905
-0.0130234398862866,-0.0110702237542469
0,0.00185356864932285
0.0111733005981252,0.00369686188132612
-0.00185356864932285,-0.00184672259316465
-0.0111941467431527,-0.0130234398862866
-0.0246926125903715,-0.020814374895272
-0.00772204609391036,-0.00191387618228411
0.00964327627180417,0.00573067470898503
-0.00770716724493781,-0.00764822083825689
-0.0155948579579064,-0.0193804515496625
0.0328531961871872,0.0383924310382344
-0.0269765876982021,-0.0132703369208966
0.00778214044205494,0.0019065782705816
-0.00583092031079324,-0.00764822083825689
-0.0157174158954096,-0.0154741965825974
-0.013958352250707,-0.0117648415795863
-0.0020100509280242,-0.0039525743158233
0.0020100509280242,0.0039525743158233
0.0218479395258698,0.0214642386682999
-0.00393701295933957,-0.00386847677792035
-0.00593473551981449,-0.00583092031079324
-0.0079681696491769,-0.00390625496706509
0.0276151670329734,0.0251220941173378
-0.00977524890464243,-0.00766287274556909
-0.0059113472630572,-0.00772204609391036
0.00197433430371763,0
-0.0239532410224929,-0.0255165953818235
0.00201816415623712,-0.00398406901487447
-0.0666913744986721,-0.0660033326385855
-0.0064865092296067,0.00212992625782493
0,0.00424629088145112
-0.0308394483830797,-0.0301098014713703
0,0.00218102594636016
-0.0341330063694586,-0.0287312580404812
0,-0.00224466985382377
-0.0186921330121526,-0.00902940671939423
0.00235571369245913,0.00226500663085205
0.020955365175988,0.024582243405336
-0.0351736141782671,-0.0336732151065879
0,0.00228050269872526
0.0189130933064868,0.0135748690910689
0.0208582301204099,0.00224466985382377
-0.0138570346614263,-0.011274076573218
-0.0023282897595911,-0.0068259650703999
-0.00701757265864655,-0.00917437627604134
0.0116687438343773,0.013730192811902
0.00693644399665705,0.00453515516539127
0.0182653479772933,0.00225988796743759
-0.0113766869821079,-0.0159275266961013
0.0270896926466642,0.0271509890659508
-0.0134531176971187,-0.0134833503372871
0.0201124097870955,0.0223722977545331
0.0197158631644174,0.0175443096509096
0.0362126894948074,0.0404741079277744
0.00417537141048063,-0.00418410652257395
0.0103627870355465,0.0104276231622591
-0.0250535024455502,-0.0294758181329535
0.0434401286959896,0.0336166107989849
-0.00405680069561443,-0.0062176366108706
0.0141273792592106,0.0164952193691109
0.0450614921311201,0.0479133556958975
0.0264665731881633,0.0269247033705928
-0.0715280653192834,-0.062642785972672
0.0159049078396645,0.0120483385161745
-0.0526437334854221,-0.0428199971829282
0.0041493835468116,0
0.0305834233720802,0.0287494132859859
0.0218479395258698,0.0100705785635962
0.0385404153077767,0.0469753683134042
0.0150096626505652,0.0151805571770159
-0.00935460516722031,-0.0075614727005765
0.0186225120980018,0.0187975459675024
0.046855417281505,-0.0360228522493816
0.0447579006414937,0.0341589188113189
0.0216494716968534,-0.0245526970058791
-0.0318018431608714,-0.0232118738612185
-0.00853976154813452,-0.0217614917815127
0.0419876956156747,0.0119285708652738
0.00164338574373002,-0.024001152099543
0.0114286958236228,0.0180546529118167
0.0192932029346789,0.0138205556186322
-0.0916544497534592,-0.0647999932269154
-0.0704898777545445,-0.0147526384750383
-0.0459851132418235,-0.0456105112520523
-0.0502618347808883,0.00443459706786575
0.00411523214510667,0.0131870042819539
0.028341978002275,0.0215991118034617
0.00597016698650388,0.00851068966790858
0.0503007384747989,0.0353835038893167
0.0149815536156169,0.0162275366217567
-0.0417517946802217,0.0120001440031106
0.0267702410646048,-0.0980973605853531
-0.0132955424812446,0.00219058137981865
-0.00767758089903425,0
-0.0116280379951191,-0.0176605031519504
-0.0236697440859047,-0.0339783536418495
-0.00600602406021189,0
-0.0020100509280242,0.00917437627604134
-0.0162275366217567,-0.0114811823739563
-0.00615386557437825,0.00919546709310037
-0.0292296383149384,-0.00688866099518537
0.0105375053027859,0.0272744179196592
0,-0.00224466985382377
0.00418410652257395,-0.00676440008854218
0.00416667269484594,0.00676440008854218
0.022611446386547,0.0133930573364381
-0.0122700925918143,0.00221484032955277
0.00615386557437825,-0.00443459706786575
0,0.00443459706786575
0.0262376302168572,0.0240448742540029
-0.0573927979966528,-0.055508143709788
0.00630916919326474,0.0181000416436179
0.0248459985865308,0.00892863074430139
-0.0102775827582403,0.0176216013498196
0.0424735225587282,0.00869570696755384
-0.0159684031787312,-0.00869570696755384
-0.0162275366217567,-0.00657176516323454
-0.0248459985865308,-0.0155041865359653
-0.0169137224420619,0.00667410708769323
0.0106045532487972,0.0154018446115066
-0.00847462699097223,-0.00657176516323454
0.00212539931231348,0.00657176516323454
0.0168425033944974,0.0194600735547124
0.0145080264895786,0.0148780640261791
-0.00619197024792106,-0.00847462699097223
-0.0230376680670173,-0.0171678036223654
0.0021164029063776,0.00431966114451643
0.00421941554270822,0.010718216220024
0.0146293100159591,0.0210978289646359
0.00826450984989346,0.00624351663968514
-0.0228938198658526,-0.0167367923555238
-0.0212773984472848,-0.0191699161077201
0.0128206884290614,0.0128206884290614
0.0105597602150023,0.0105597602150023
-0.0105597602150023,-0.0148150857851407
-0.00638979809877094,-0.00427351077738192
0.0127390257774297,0.0127661308230356
0.0167367923555238,0.0167718816138281
0.00826450984989346,0.0041493835468116
-0.0145080264895786,-0.0104059211611167
0.00416667269484594,0.00208986491945917
0.0062176366108706,0.00624351663968514
0.00206398422085141,0.00620477688688281
-0.0145381584460271,-0.0145381584460271
-0.0168780377873518,-0.0168780377873518
0.0105821093305369,0.014783796184237
0.00210305019677881,0.00418410652257395
0.00836824967051664,0.00831605624165754
-0.00626961301359541,-0.00831605624165754
-0.00209863665692123,-0.00628274317949518
-0.00210305019677881,0
0.00420168685370004,0.004192878260036
0.0125001627642315,0.0124741742251757
0.0265592730723547,0.026505119379997
-0.0101317989304068,-0.00605450890870618
-0.0143592210778889,-0.0183866262504394
-0.0041407926660314,-0.00620477688688281
-0.0125262598191803,-0.0125262598191803
-0.0276908001451859,-0.0233804486440636
0.00860220358266328,0.00214822853828955
0.00852883634752033,0.00854706057845833
-0.00212539931231348,-0.00212992625782493
0.0168780377873518,0.0148150857851407
0.00833338155914431,0.00628274317949518
0.0505668895405829,0.0548360718765504
-0.00197433430371763,-0.00197824001210567
0.0292133724659014,0.0292703823001133
-0.0115831410896308,-0.00966191091173696
-0.0196084713883763,-0.0196084713883763
-0.0099503308531681,-0.013958352250707
0.0158733491562901,0.0179109265665303
-0.00592301830312203,-0.00593473551981449
-0.0159684031787312,-0.0180185055026784
0.00601807232556306,0.0100503358535015
-0.00601807232556306,-0.00803217169726433
0.0179466431908368,0.0199607425625381
0.00197433430371763,0.00394477829101636
-0.00991088389945394,-0.00989127747874263
-0.024194728587057,-0.0241460423052187
-0.0206192872027356,-0.0185000137439203
0.0124225199985571,0.0123712918025468
0.0143005501421963,0.0182746202434816
0.0120969217088286,0.01398624197474
-0.00200601872686579,-0.00397614837963944
0.00600602406021189,0.00595830958363064
-0.0160969270421747,-0.013958352250707
-0.0184242673260584,-0.0202846711715058
0.0163938097756764,0.0142423567155432
0.00405680069561443,0.00201816415623712
0.00806455983673038,0.00603016902659126
0.0119761910467158,0.0139305735359468
-0.0079681696491769,-0.00793654959573631
0.00199800266267303,-0.00399202126953746
0.00597016698650388,0.0079681696491769
0.0137933221323358,0.00593473551981449
0.04027389913794,0.0424774282671163
0.0167757895048372,0.0261208880756361
-0.0186572576045427,-0.024232313387768
-0.0132703369208966,-0.00757579380845763
-0.0115164420615591,-0.00955117098434299
-0.059659836406336,-0.0572713252610588
0.0142423567155432,0.0141273792592106
0.0040322635279384,0.00599402394021054
0.0020100509280242,-0.00199401860686443
-0.0100909029819628,-0.00801607498823609
-0.0225650599920898,-0.0223814021961349
0.0103200090319895,0.0102355038940268
-0.0103200090319895,-0.0122952368570375
0.0286318126743271,0.0264511860871698
-0.0203673028244337,-0.0223359539420631
-0.0145080264895786,-0.0144780191806532
-0.0147216118253598,-0.0146907154100037
0.0105375053027859,0.010515343999523
0.0186921330121526,0.0165978914090378
0.0081967672041785,0.00410678195265335
-0.0143887374520996,-0.0123712918025468
0.0184620628397354,0.0123712918025468
-0.00816331063916098,-0.00410678195265335
0.010193768189543,0.0163268932874288
-0.002030457550382,-0.00202634314523242
0.00809721023261933,0.0080808520539386
0,0.00601807232556306
-0.00404040953700491,0.00199800266267303
-0.0101730277130505,-0.0100301743599374
-0.00615386557437825,-0.00404040953700491
-0.00826450984989346,-0.00609138939340192
-0.0252114193464961,-0.0205768576887595
-0.023682484643559,-0.0231345754016569
-0.00655740054615905,-0.00640343703520685
0.00655740054615905,0.00640343703520685
0.0300451784313878,0.0272839589484685
-0.00849262004565365,0.002068253064059
-0.00856536285892295,-0.0145684158282905
0.0191699161077201,0.0166324000491419
0,0.00205973296301065
-0.0148780640261791,-0.0165978914090378
0,-0.00209424160311478
0.0169855463657438,0.0125001627642315
0.0249493190479486,0.0204925203901174
0.0183118036423376,0.0180909456490391
-0.0142134372500554,0
-0.0164952193691109,-0.00800004266707632
0.0103413537947327,0.00400802139753886
0.00615386557437825,0.00399202126953746
0.00204290162980025,0.00397614837963944
-0.0143887374520996,-0.0160003413464412
-0.0188093319574962,-0.0183118036423376
-0.0365239308008717,-0.039795827164943
0.0130436631920293,0.00213447252863253
-0.00216216300449523,-0.00427351077738192
0.0107643665871585,0.010649727916658
0.0148780640261791,0.00422833610952111
0.00840341079637952,0.0167367923555238
0.0389792936051727,0.0366639843715915
-0.0223814021961349,-0.0304592074847087
0.0102355038940268,0.014329825554825
0.0020345886977875,0.002030457550382
0,0.00404858852600021
-0.0020345886977875,-0.00202224538076778
-0.00203873668984833,-0.00202634314523242
-0.00614126802208248,-0.00610378293801783
0.0303359966091394,0.0341056124865109
0.00595830958363064,0.00981362144832465
0.00788958727516287,0.00389864041565735
-0.00788958727516287,-0.00781253973679374
-0.0099503308531681,-0.0118344576470027
0.0059820716775475,0.0137933221323358
-0.00199005040801004,-0.00983292091623889
0.00595830958363064,0.00394477829101636
-0.0099503308531681,-0.00989127747874263
-0.0304592074847087,-0.0282276806248672
-0.00206398422085141,-0.00615386557437825
-0.0208775850215552,-0.0165978914090378
0.0104932757158387,0.00625653761430511
-0.00418410652257395,0
0.0104276231622591,0.0103413537947327
0.0123712918025468,0.0122700925918143
0.0322608622182216,0.0339693000582146
0,-0.0059113472630572
-0.0220670940286786,-0.0119285708652738
-0.0143005501421963,-0.0202027073175195
-0.0124225199985571,-0.00408998525152515
-0.0447358938413914,-0.0375827111490429
0.00217627942259557,0
0.00865806274311454,0.00636269378782872
0.010718216220024,0.00842110239640825
0.0356058554542145,0.0289276369061794
0.0102355038940268,0.0040650462481695
-0.00408163831964858,-0.00814668456781809
0.00814668456781809,-0.0082135985373889
0.00606675268223733,0.0204088716312072
-0.0162605208717803,-0.0142423567155432
-0.0102987522005744,-0.006166514915664
-0.0145987994211527,-0.012448293526568
0,0
0,0
0.00209863665692123,0.00208550649102146
0,0
0.0268889002163311,0.0267230701407535
0.0202027073175195,0.0160969270421747
0.0119285708652738,0.0119049025063184
0.0156865961676996,0.0117648415795863
-0.0256171643703004,-0.0276697494192508
-0.0120483385161745,-0.00603016902659126
0.00604231445596259,0.00803217169726433
-0.0100909029819628,-0.0100503358535015
-0.0225650599920898,-0.0245411089161176
-0.0188487255586673,-0.0188093319574962
0.00842110239640825,0.0125787822068602
-0.00420168685370004,-0.00208550649102146
-0.0255877499484071,-0.0253713397420178
0.0150056406178701,0.0148780640261791
0.0396297947707678,0.0270568013875133
0,0.00818000471193081
-0.0144183754242717,-0.0164274741419479
-0.00415801014866368,-0.0041493835468116
-0.00836824967051664,-0.00625653761430511
0.00209863665692123,0.00208986491945917
-0.014783796184237,-0.00838579337627399
-0.00426439878645746,-0.00421941554270822
0,0
0.00426439878645746,0.00211193320314351
-0.00854706057845833,-0.0106045532487972
0.0149097543662871,0.0190079640451767
0.0167718816138281,0.0165978914090378
0.0164952193691109,0.0163268932874288
0.00408163831964858,-0.00405680069561443
-0.00612872194137348,-0.0020345886977875
-0.018614808442232,-0.022658023892584
-0.00838579337627399,-0.00626961301359541
0.0146293100159591,0.0125001627642315
-0.0209651284650449,-0.0209212651606397
0.0105375053027859,0.00421941554270822
-0.0211872332194438,-0.0127120355883619
-0.00214362354325148,0
0.0170216875694306,0.0169137224420619
-0.00422833610952111,-0.00209863665692123
0.0105375053027859,0.00628274317949518
-0.0126583968719235,-0.0104932757158387
0.00423729447551524,0.00840341079637952
-0.0106270925742862,-0.0126317469059006
-0.00428266179200087,-0.00637621713927605
-0.0107875911289973,-0.010718216220024
0,0.00215285336110105
0.0193346517074556,0.0191699161077201
-0.0171678036223654,-0.0148780640261791
-0.0218827112495077,-0.00644470544264208
-0.0133632278121671,-0.0239924267432212
0.00223964259350484,-0.00442478598035567
0.00446429312868546,0.00442478598035567
0.00665929208997684,0.00660068403135206
-0.0269074529199244,-0.0289230394692505
0.0157838677012621,0.0178975694575427
0.00223463780141631,0.0066298585386696
0.017699577099401,0.0153008449553006
-0.00660068403135206,-0.00652885888246357
0,-0.00218579321998025
0.0282935086426118,0.0280493038098995
-0.0107875911289973,-0.00854706057845833
-0.00434783293610341,-0.0064585800394118
0.0258078839558725,0.0255877499484071
-0.00852883634752033,0
0,-0.00845671001822346
0.00427351077738192,0.00212089156913764
-0.00213447252863253,-0.00212089156913764
0.00638979809877094,0.00845671001822346
0.00423729447551524,0.0104712998672954
0.00421941554270822,0
0.0310905870700311,0.0246926125903715
0,0.00607904607638221
-0.00408998525152515,-0.00404858852600021
0.0202846711715058,0.0180909456490391
-0.0121213605323448,-0.0140423571230389
-0.014329825554825,-0.0142423567155432
0.0284572048140356,0.0242926925690446
0.0040000053333461,0.00399202126953746
-0.00801607498823609,0
0.00401606965488999,0.00199005040801004
0.00997017231984998,0.00594649918772627
-0.01398624197474,-0.0119285708652738
0.01398624197474,0.0158733491562901
-0.00597016698650388,-0.00592301830312203
0.0158419154656579,0.0157174158954096
0,-0.0019512201312617
0.00587660848898508,-0.00195503483580339
0.0019512201312617,-0.00392157365318169
-0.0176995770994008,-0.0118578464507835
0.0157483569681391,0.0196856750710303
0.0019512201312617,0
-0.0117648415795863,-0.0019512201312617
-0.0341056124865109,-0.0418804972449872
0.0121705356202552,0.0181639706276712
-0.0183118036423376,-0.0181639706276712
0.00818000471193081,0.00811363477416971
0.00609138939340192,0.00804833318282838
0.00806455983673038,0.0119523335238412
0.00400802139753886,-0.0019821612039912
0.0059820716775475,0.00396040121609686
0.0079208334914439,0.00787405643090588
0.00589972212718826,0.00586511945239809
0.0232568621642674,0.0193056188941534
-0.0291565842914556,-0.0232118738612185
0.00197044398729873,0.00390625496706509
-0.0504647939259092,-0.0520117220881797
-0.0041493835468116,-0.00205549918209602
-0.00416667269484594,-0.00205973296301065
0.0227047936937571,0.0204088716312072
0.00813012608325026,0.00804833318282838
-0.00609138939340192,-0.00603016902659126
-0.0102355038940268,-0.0101317989304068
-0.00205973296301065,-0.00203873668984833
-0.00620477688688281,-0.00614126802208248
-0.0125262598191803,-0.0123968529768287
0.00836824967051664,0.00828162083172201
0,0
0.0144780191806532,0.014329825554825
-0.00617921636595808,-0.00611622701743608
-0.0124741742251757,-0.0123458358222993
-0.0275733269040996,-0.0272839589484685
0.00429185208154104,0.00212539931231348
-0.0129312146722488,-0.0128206884290614
0.0043290110895855,0.00429185208154104
-0.00867684402568891,-0.00860220358266328
0.0129871955268112,0.0107412418314127
0.0128206884290614,0.00851068966790858
0.00845671001822346,0.0105375053027859
-0.0169855463657438,-0.0169137224420619
-0.00644470544264208,-0.00427351077738192
-0.00431966114451643,-0.00429185208154104
0.0129034048359079,0.014941579998199
-0.0194180858571016,-0.0170944333593001
0.0172790476083522,0.0149735417901624
-0.00429185208154104,-0.00212539931231348
0.00429185208154104,0.00424629088145112
-0.0107643665871585,-0.010649727916658
-0.00433840159859811,-0.00429185208154104
0,0
0.00217155351350784,0.0106952891167479
-0.00434783293610341,-0.0106952891167479
-0.0087527911095947,-0.00863936259070774
0,0
0.00657176516323454,0.0107875911289973
0.0108578699720491,-0.00214822853828955
0.0297894368021071,0.0317486983145803
0.00209424160311478,0.00208116620382448
0.00208986491945917,-0.00208116620382448
0.00208550649102146,0.00623054975063608
0.00415801014866368,0.0102987522005744
0.016461277054072,0.0122201113347754
-0.00408998525152515,-0.00405680069561443
0,0
0.0020470836217249,0.002030457550382
0.00611622701743608,0.0080808520539386
-0.00407332538763583,-0.0040322635279384
0.00203873668984833,0.00201816415623712
-0.00408163831964858,-0.00404040953700491
-0.0164952193691109,-0.0122201113347754
0,-0.00205128277055733
0.0123968529768287,0.0102145934097183
-0.00205549918209602,0.002030457550382
0.0122700925918143,0.0080808520539386
0.0101113096043206,0.0120001440031106
0.00801607498823609,-0.00199005040801004
-0.0040000053333461,0.00595830958363064
-0.00603016902659126,-0.00595830958363064
-0.00404040953700491,-0.00399202126953746
-0.00202634314523242,-0.00400802139753886
-0.00610378293801783,-0.00604231445596259
0.00203873668984833,0.0040322635279384
0.0121458983021081,0.0100100935951005
0.0218914214818532,0.0236231457634359
0.0329168150131419,0.0306537410910024
-0.0172914971100611,-0.0171269647928006
-0.0116960397631913,-0.0135267762982018
0.00781253973679374,0.00775197680431794
-0.00585367525146074,-0.00193236775105399
0.00779731046003174,0.005785937067044
-0.0176302313762706,-0.0135529664047036
0.0117879557520423,0.00969939708871359
-0.00391389932113639,-0.00580834159574695
0.001958864485333,0.00387597384469296
-0.00785858661252126,-0.00581960905326395
-0.038195597738036,-0.0417140914124751
-0.0102987522005744,-0.0122450509601003
-0.0125001627642315,-0.0123968529768287
0.0166324000491419,0.0164952193691109
-0.00206398422085141,-0.0144183754242717
0.00412371718386206,0.016461277054072
0.0102355038940268,0.010152371464018
-0.0102355038940268,-0.0162936394861005
0.00205549918209602,0.0122450509601003
0.00205128277055733,0
-0.0102987522005744,-0.00814668456781809
-0.0188093319574962,-0.0185763855729354
0.00630916919326474,0.00415801014866368
0.0125001627642315,0.0103200090319895
-0.00831605624165754,0
0.0103843093057165,0.00205128277055733
-0.0062176366108706,-0.006166514915664
0.00828162083172201,0.0082135985373889
0,0
-0.00413223728491041,-0.0020470836217249
-0.0041493835468116,-0.00823049913651541
-0.00416667269484594,-0.0041407926660314
0.00831605624165754,0.00826450984989346
0.00824746943001708,0.00615386557437825
0.0122450509601003,0.0101730277130505
0.00202634314523242,0.00404040953700491
0.0160646025038067,0.0160003413464412
-0.00199401860686443,-0.00198609797162941
0.00597016698650388,0.00594649918772627
-0.00397614837963944,-0.00396040121609686
0.00793654959573631,0.0118344576470027
0.0215062052209636,0.0194180858571017
-0.0077670293376596,-0.005785937067044
-0.0117648415795863,-0.0097182494689213
-0.0039525743158233,-0.00391389932113639
0.00985229644301155,0.00975617494536474
0.00391389932113639,0.0019398648178266
0.0019512201312617,0
-0.0019512201312617,0
0.0019512201312617,0
0,0.00193610902686636
0.00969939708871359,0.00962471337420967
0.0172253062818792,0.0152094186635288
0.00189573516489916,-0.00567645800480521
-0.0114286958236227,-0.00761908447643944
0.00953296065872355,0.00381679852670092
0.0150661983546443,0.0169975763685711
-0.00938974034983908,-0.0075188324140274
-0.0132955424812446,-0.0152094186635288
-0.0115385895564938,-0.011560822401076
0.0191576740329332,0.0210937830597996
0.0243685910169578,0.0243685910169578
-0.00371057939653563,0.00369686188132612
0.0165902422601968,0.0110092855083694
0.0109091991003536,0.0090827145743192
0.021467729624106,0.023236076680848
0.00705470297988997,0.00352734051796832
-0.00175901540517964,0
0.019181058851844,0.0157208477869483
-0.0086730812534288,-0.00695654979336002
0.0103987072208985,0.0121423868257254
0,0.0187879138656333
0.02385121582218,0.00169061747790744
0.00671143458798684,0.0117549632314436
0.00167084416481755,0.00166805710069706
0.00166805710069706,0.00166527931906124
0.00498754151103908,0.00663352349563384
0.031022896011994,0.0293180607566118
-0.0326826474303584,-0.0326293220602678
-0.030356462480594,-0.0285974071501729
0.0286939517069805,0.0219418085384367
-0.00500418058457586,-0.0083822787528044
0.00167084416481755,-0.00168492036491952
0.0214706843968768,0.0216855870715891
0.0353166719248999,0
-0.0336840185010145,-0.00330578813449955
-0.011484949866897,-0.0133335308694652
-0.0700542549228735,-0.0587388171716585
-0.0508276366375762,-0.0473676888228891
-0.00560225554866978,-0.00561273690495745
-0.0112995552539334,-0.0170297398448024
0.0169018108026032,0.0132703369208966
0.00371747640013254,0.0241872256140039
0.00923367594694546,-0.0036832454162965
-0.00923367594694546,-0.0092679069307815
-0.0168385643628297,-0.0131210879626972
-0.00567645800480521,-0.00567645800480521
-0.0446242804699937,-0.0426421192660025
0.00593473551981449,0.00788958727516287
0.00589972212718826,0.00392157365318169
0,0.0232118738612185
0.0497234353524306,0.0226852828310837
0.0111318403688442,-0.0207750625749644
0.0326707822895488,0.0170297398448024
-0.0143887374520996,-0.0324146586842818
-0.0036297680505788,0
0.0072464085207673,0.0172914971100611
0.0107720969819111,0.011363758650315
0.0159436503971359,0.0093721398288632
0.0156934345460465,0.00186393343806268
0.0749726501150758,0.0543612092188872
0.0439631234211161,0.0261111440036859
-0.0312037796673562,-0.0208340869028421
0.00158353160564428,-0.00175592670226488
-0.0127390257774297,-0.00882618262827206
0.0392823483346623,0.041672696400568
0.0377973942082171,0.0285015101322146
-0.00744605078407856,0.00330033302865684
0.0323557636394413,0.0356024656409423
0.008645586992854,0.0220134675371789
-0.109033761024122,-0.0742276108450173
0.0252778071842686,0.0345713440650887
-0.0430345287735276,-0.146092618497496
-0.0364882932631369,-0.0227282510775562
-0.00338409798424055,0.0152094186635288
0.0168071183163813,0.0223889948934787
0.00664454271866854,-0.00740744127786175
0.0212948259705729,-0.00746272120158953
0.0256013982387884,0.0331522073169005
-0.0288481543376584,-0.00727275932907978
-0.034742948443873,-0.0036563112031105
0.00503779402995719,0.00911583340800937
0.128704014166094,0.0495676684200806
0.0404095383378765,0.0406147191541902
0.0775371232699478,0.0326293220602678
0.0130040844232066,0.01275934375376
-0.0947935174316848,-0.0289409266050017
0.00707717037408512,0.0225816046967093
-0.0447082385917318,0.00794285351393675
0.0418833779561771,0.0265433225572326
-0.0142452551360489,0.0152908177984173
-0.042497237223878,-0.0370985356098156
-0.0365894474322921,-0.011084832424493
0.0184620628397354,-0.0795120629277338
0.0432580493181363,0.0288890098521372
-0.0296317976063712,-0.0254466656611643
0.0626570530378655,0.0237702193339119
0.0251059211310763,0.0100167782434714
0.0285151703080213,0.0066225407604934
0.0496185326495912,0.030871663667087
0.0189280098855189,0.0237165266173161
-0.0214790316771242,-0.0317486983145803
-0.011560822401076,0.00963089306096127
-0.120694245863842,-0.0507889655544688
-0.0600781239432834,-0.0238106486937185
-0.0540672212702759,-0.0475860701046272
-0.0281708769666963,0.00540055318000021
-0.0118344576470029,-0.0108304307743696
0.0235304974101942,0.0391509075618249
0.00827134575067723,0.0155847310166983
0.021190686979639,0.010256500167189
0.00161160389434151,0.00846745109909852
0.0502460473429523,0.0493521197897278
-0.018547672355761,-0.00805806132976239
-0.0236790858205715,-0.131222456018045
-0.0128619136424077,-0.00555043053064896
0.0112631922787107,0.014733231512984
-0.00642056780292272,-0.0018298266770761
-0.00484262447578798,0.0036563112031105
-0.00161943355230298,0.00182315456151505
0.00161943355230298,-0.00547946576462555
0.00484262447578798,0.00729930248161148
0.00321543685397441,0.0215835716671745
-0.069795761935542,-0.0161438483713563
-0.003448279278916,-0.0090827145743192
-0.0678831987265136,-0.0333982804018481
-0.00185013928816147,-0.00188857468786807
0.0345803335967791,0.042559614418796
-0.036433902246102,-0.0201287674306139
0.0202027073175194,0.0164989993800351
-0.0128089582925811,-0.0109690313705739
0.00183992692200718,0.00183654780730147
-0.0036832454162965,-0.00551979322359797
-0.00555043053064896,-0.00184672259316465
-0.0358867593335241,-0.0376692370931146
-0.0272921422880076,-0.0233020252028442
0.00983292091623889,0.00782782862024678
0,0.00389105549296664
-0.00983292091623889,-0.0117188841132134
0.00197433430371763,0.00196270916784869
0.013712261863982,0.0155645165411117
-0.00781253973679374,-0.00775197680431794
-0.00589972212718826,-0.0117418178766833
0,0.00196656897204084
-0.00197433430371763,0.00196270916784869
0.0156865961676996,0.0116960397631913
0.0344202238864793,0.0324146586842818
-0.0170620252767215,-0.0151231615742208
-0.0271334475144002,-0.0270286723879194
0.00782782862024678,0.00779731046003174
-0.00390625496706509,-0.00194363520857099
-0.00392157365318169,-0.00194742028439565
0,-0.0019512201312617
0.0213807950249504,0.0212568390254151
0.0246926125903715,0.0245526970058791
0.00561273690495745,0.00743497848751806
0.0221411258772136,0.0201656695945944
-0.0110092855083694,-0.014625489218979
0.00551979322359797,0.00733948248804572
0.00183318108166097,0.00364963908754945
0.00547946576462555,0.00725956001280414
0.00544960476756473,0.00541029272824756
0.0197315818625948,0.0195910094771695
-0.00177777824599912,-0.00176522552456904
0.0246058108022,0.0192481883049166
-0.01398624197474,-0.00870327512830171
-0.0124005131984548,-0.0158593632401075
0.00533334597536239,0.00707967558806166
-0.0142859572474764,-0.0124225199985569
-0.00180018050414776,-0.00178731057409576
0.00180018050414776,0
0,0.00178731057409576
0.00538117890451684,0.00534284441049526
-0.021700670733118,-0.0233613499131736
0.0018264845260344,0.0036297680505788
0.0090827145743192,0.00901719365018872
0.0267634171988164,0.024823969728726
0.01398624197474,0.00698083114134018
0.025708356710207,0.020654779030746
-0.00508906950747134,-0.00683763347760402
-0.0154244703256317,-0.0155577900309259
0.00516797015844261,0.0138410514118714
0.010256500167189,0.010256500167189
-0.00511510066677046,-0.00511510066677046
0.0152674721307885,0.0186288198334933
0.0083822787528044,0.00668898815079666
0.00665559861173615,0.00664454271866854
-0.0150378773645405,-0.0116570845422128
0.0331156087844976,0.0313298501409177
0.017756721589259,0.0161034075665787
-0.0242926925690445,-0.0144813471947107
-0.00164068945745993,-0.0114100667380309
0.0243321006595307,0.0242926925690445
-0.00804509568483158,-0.00803217169726422
-0.0162870049746991,-0.0162605208717803
0,0.00163800200423836
0,0.014622518867542
0.0402306867273289,0.0270501775330261
-0.0126985833371274,-0.0142294891039647
0.0360823456039915,0.0359694757403706
-0.0155282623265552,-0.0139213385186081
0.0139862419747399,0.0123840591997216
0.0198631434994116,0.0213097865867511
-0.00606982136707579,-0.00604231445596265
0.0105981309918234,0.0105502108951525
0.0252801566730785,0.0222396119278384
0.011678964864146,0.0145562977742073
-0.0146201434549623,-0.0189648280589733
-0.0390439982822651,-0.0390439982822651
0.004583659667658,0.004583659667658
0.0534251666735804,0.0344603386146071
-0.0382962850772803,-0.0163329540220504
0.0104556591043387,0.00894193737566129
0.00148478126757923,0.00148257996022277
0.0321195494221125,0.0320727198879939
0.026932882359588,0.0296841582877003
-0.00983844900028791,-0.0126140425160967
0.00983844900028791,0.00842701616188013
-0.00139958035442328,0
0,-0.00983844900028791
0.0166670524852117,0.0168071183163813
0.0351863091250438,0.0368139731227163
-0.00533334597536256,-0.00402415029972542
0.0250838233927789,0.027834798993444
-0.0065402456806099,-0.00392927813988958
-0.0320027310861738,-0.0292963694884308
-0.0414997309067528,-0.042794659666088
0.00703732672057622,0.00702743580745685
0.0358165005339058,0.0371176629565025
-0.0136241889395436,-0.0135871655463084
-0.0207907696690738,-0.0207332927891329
0.0111421765532419,0.00972905519811906
0.0232727820553755,0.0245914031373222
-0.00542742173536509,-0.00677050656721062
-0.00272479732618519,-0.00135961951603958
-0.0347016081929318,-0.0346055291774756
-0.00566573753567734,-0.00706716722309242
0.0155041865359652,0.0168780377873517
-0.00420463128203186,-0.00279329790561272
-0.0227282510775562,-0.0240634399316352
-0.0203200024909574,-0.018800264500147
-0.029764101906454,-0.0326438480763628
0,0.00451468035452668
-0.0075815374523977,-0.00904983551991795
-0.00763945655795756,-0.00913248356327251
0.0152209940103553,0.0166796891986554
0.00452148471884595,0.00599701947237435
0.0325472515664952,0.02945721088543
-0.00730463437888723,-0.00728335339110797
-0.00588236990306656,-0.00146305805176039
0.0447082385917318,0.0415830518411856
0.033290175354524,0.0304311172025398
-0.0109740470319767,-0.0109590137897195
-0.0097020858064506,-0.00968865710374939
0.0247605496806521,0.0247265344682899
-0.0233687610078296,-0.0219487549043875
0.02200914149179,0.0246587836632527
-0.0150791068271203,-0.0149968727515158
-0.00693003466466968,-0.00827590930385974
-0.0111889279178058,-0.0139472274808505
0.00979713924498327,0.0111733005981252
0.0288283518999776,0.0219789067187753
0.00539812376955739,0.00811912443850421
-0.00810815252842256,-0.00811912443850421
0.0201484317605032,0.0201755330352585
-0.00399734043262034,-0.00534046663131743
-0.0353297613584548,-0.0354260478478682
-0.0380595618243451,-0.0352894769505295
-0.0410614867977738,-0.0410614867977738
0.0280461186857036,0.0280461186857036
0.0427415483772709,0.0427415483772709
0.040989344533197,0.0423271373748569
-0.0175561565183017,-0.0175324787616406
0.00949159668157129,0.00947874395454379
-0.00270270434788511,-0.00540541856690796
-0.0149968727515158,-0.0108992904580357
-0.0250360781613249,-0.026372104339196
0.00421645037893487,0.00421053253634346
-0.0198306781804857,-0.0183750753049943
0.00570614957685467,0.00710735045865196
0,0
0.0335695857228545,0.0306858107034439
-0.00137646270872332,-0.0096619109117369
-0.0124741742251757,-0.0111577168706531
0.0315743455985951,0.0317486983145803
-0.0149764541895573,-0.0150584638742015
0.0109141601806785,0.0123373737598408
-0.00135777346046034,-0.00409556886473711
-0.0123036411953569,-0.0123883208569522
-0.0378461424901148,-0.0352397281323024
-0.00860837453660018,-0.00431345025371938
0.0298105821872032,0.0284110018327799
-0.021202207650603,-0.0212322201057741
-0.0202027073175193,-0.0216928246112597
-0.0221084907542035,-0.022173857494322
-0.0210851184870713,-0.0135442251077573
0.0195936939004013,0.0135442251077573
-0.0120121564480036,-0.00750191065179462
0.00602411460338098,0.00600602406021189
0.00896866998276041,0.00745715610808206
-0.00896866998276041,-0.00745715610808206
0.0324991673929544,0.0295006643966978
0.0229895182246987,0.0215680538773212
-0.0244440639356929,-0.0230225995883154
-0.0146630193100744,-0.0507571629459183
-0.0224057169752668,-0.0169888255864699
-0.0152209940103553,-0.014117881545785
-0.0311551677797955,-0.0288481543376584
-0.0143428753594043,-0.0163938097756764
0.020652044552669,0.0212599994268494
0.00313972000466772,0.00161681522690532
-0.00156862777262651,-0.0162870049746991
-0.0190180058357619,-0.0165566695944477
0.011137744410456,0.0149132838507177
-0.0240203702414696,-0.0232955626035221
-0.0246115785965668,0.0033613477027048
-0.0337869975773832,-0.0272125635248848
-0.00171969087952661,-0.00172562596746972
-0.042185516924627,-0.0423343638265605
0.0283204767874553,0.0231533049747166
-0.0070052825884086,-0.00176211499339929
-0.0106008059866406,-0.0124225199985569
-0.0251811866301596,-0.0216614967811793
-0.0202398813477462,-0.0296317976063712
-0.00746272120158953,0.00187793482420018
-0.0189041546391527,-0.0151231615742208
0.0189041546391527,0.0169975763685711
0.0111733005981252,0.0130234398862866
-0.0205807077000206,-0.0186572576045427
-0.00568721912058956,-0.00566573753567734
0.0206968817711548,0.0243229951402201
0.0092679069307815,0.00184672259316465
0.0200920000826886,0.0200920000826886
-0.0127390257774297,-0.0182486815883993
0.028882874148786,0.0343925299597556
0.00177777824599912,0.00177777824599912
-0.00892066575837924,-0.00713015498459102
0.00179051077378822,0.00178731057409576
-0.00538117890451684,-0.00537154380191085
0.0195910094771695,0.0195561787938671
-0.0250013022054171,-0.0249567319738673
0.0125787822068602,0.0125562187754125
0.00534284441049526,0.0106383982050555
-0.00892066575837924,-0.0487901641694318
-0.0254097155253683,-0.0281708769666963
0.00914919465358799,0.0151231615742208
0.0162605208717803,-0.00375940292390575
0.0106952891167478,0
-0.0106952891167478,-0.00377358938363936
0.00714288751238012,0.00377358938363936
0.0486206870060739,0.0333364202675919
-0.0188200593267699,-0.0183828706005335
0.0103093696588612,0.014733231512984
0.00170794234515614,0.00364963908754945
-0.0241807981972147,-0.0258316946135241
0.0121634861931974,0.00930239266231347
0.0154244703256317,0.0128796628636612
0.00677968698537879,0.0145193113244534
-0.00848181505590928,-0.012692826798419
0.0185659341225354,0.0162899529792685
-0.00167364055802965,0.00358423322781509
-0.0237299270421097,0
0,0.0106762579913416
0.0419876956156747,0.0416004525051458
-0.0437044342347292,-0.0136754267996755
-0.00344234419097289,-0.0676414369179756
-0.0333071980177685,-0.024232313387768
-0.00715566559541225,0.00188501469577129
-0.0108304307743696,0.00750472565406779
-0.0127855622969718,-0.00750472565406779
0.0164087546663921,0.0241872256140039
-0.00725956001280414,0.00183654780730147
0.0357819926168002,0.0395735090645077
-0.00352113039857893,-0.00353357258131104
-0.00885745383406078,-0.00177147964838209
0.00177777824599912,0.00177147964838209
0.0331908195917475,0.0347861160854155
-0.0086281812233383,-0.0103093696588612
-0.00521287018853311,-0.00519481687710399
-0.00174367960482691,0
0.0034843240826109,0.00346620797648622
-0.00523104941755259,-0.00520382787502705
-0.0392207131532811,-0.0390120392750155
0.00543972329581821,0.00180668522494909
0.00900096085897617,0.0107720969819111
0.00714288751238012,0.00888894741724588
0.00532388125274974,-0.00354610300675062
-0.0323769287244596,-0.0306606523947851
-0.0128796628636612,-0.00735297430525894
-0.0149256502166757,-0.0167445772738016
-0.0344202238864793,-0.0343545235021084
-0.00194742028439565,0
0.00194742028439565,0.00387597384469296
-0.00977524890464243,-0.00387597384469296
0.00977524890464243,0.0019398648178266
-0.00194742028439565,0
0.0077670293376596,0.00579711768432589
0.00962471337420967,0.0114943794257352
-0.0173917427118693,-0.0211749971364587
-0.00390625496706509,0.00194363520857099
-0.001958864485333,-0.00389105549296664
0.0116960397631913,0.0116280379951191
-0.00583092031079324,-0.00579711768432589
0.0269247033705928,0.0267702410646048
-0.0191576740329332,-0.0190481949706944
0.0248341320377384,0.0246926125903715
0.00564441761967704,0.00747667034302013
0.0222643704973996,0.0202771924391509
0,0.00182315456151505
-0.039294110342202,-0.0390021578032692
0,0
0.00380952841666771,0.00378072283990605
-0.00380952841666771,-0.00567645800480521
-0.0134488098126131,-0.0114505067879954
0.005785937067044,0.00574164256767529
-0.0155041865359653,-0.0134488098126131
0.0231670592815344,0.0248341320377384
0,-0.00567645800480521
0.0189041546391527,0.0225150223676349
-0.0323529644517658,-0.0320479830263585
0.00386100865745953,0.00382409643840342
0.0133973295718213,0.00570886422032013
0.00757579380845763,0.0113208756244823
-0.00188857468786807,0.00187441479435035
0.0112783150377072,0.0111733005981252
0.00559181326577785,0.00185013928816147
0.0129272345014597,0.00369004108745397
0.0199824995873382,0.0272496424473755
-0.00541029272824756,-0.00359066813072861
0.0125787822068602,0.0178257839526005
0.0350913198112699,0.0313069046250442
-0.00865806274311454,-0.00171379647773473
-0.0264332570681554,-0.0225508255218966
-0.0289875368732523,-0.0302783593062609
-0.0185534078957478,-0.0182486815883993
0.00187090793581168,0.00183992692200718
0.0111525319504749,0.0127855622969718
0.0201287674306139,0.0162019745762805
-0.0109290705321903,-0.00178731057409576
-0.00550965581096963,-0.0107914716327644
-0.00184331849428931,-0.00362319236942032
0.00918280098233504,0.0108304307743696
-0.00918280098233504,-0.0108304307743696
-0.0242775695813467,-0.0294680622569079
-0.00949674753725727,-0.00187090793581168
-0.0231670592815344,-0.0227282510775562
-0.00195503483580339,-0.00191754612927186
0.0251220941173378,0.0227713824124777
-0.0115164420615591,-0.0151231615742208
0,-0.0114943794257352
0.0153259704782268,0.0284919557943063
-0.00763362485507113,0
-0.019342962843131,-0.0169975763685711
0.019342962843131,0.0244602975701607
-0.011560822401076,-0.0130965389198456
-0.0156253179030809,-0.00566573753567734
-0.0178753518269632,-0.0229895182246987
0.00599402394021054,0.00964327627180417
0.0158106060266422,0.00955117098434299
0,-0.0019029501460861
0.0308904870193385,0.0263173083173734
-0.00763362485507113,-0.00931973194880231
0.0170944333593001,0
0.0130965389198456,0.00187090793581168
0.00925075977215106,0.0221820555259746
-0.0111112254250708,-0.0018298266770761
0.0239201837176519,0.0109290705321903
0.0162311949285826,0.0232776848693454
0.0282205676422511,0.0244767464265543
0.0103807160545608,0.00516797015844261
-0.003448279278916,-0.00516797015844261
-0.0086730812534288,0.00516797015844261
0.0291866210865318,0.0271203062191939
0.0234124406247432,0.0361287240885055
-0.0404777011789302,-0.0378023646465352
0.00171969087952661,-0.00167644632725239
0.00343053509678926,0.0100167782434714
-0.00859850525523187,-0.00166251077361346
0.003448279278916,-0.00166527931906124
-0.0296965053538524,-0.028742468865654
-0.0124890115707746,-0.0225508255218966
0.00179372245402687,-0.00175592670226488
0.0230302472746992,0.019147669414134
-0.015887359762319,-0.0103987072208985
0.00885745383406078,0.00694447235281104
0.00352113039857893,-0.00346620797648622
0.0139618323817686,0.0206192872027356
-0.0139618323817686,-0.0119761910467157
-0.0177309609712316,-0.0191143960233154
0.00713015498459102,0.0122059056795037
-0.0215448189867757,-0.0210165353616586
0.0144146640021847,0.0123132602333569
0.0282205676422511,0.0156117654721134
-0.00873367996875463,-0.00517688817953377
0.00873367996875463,0.0171530792262494
-0.0122486220761991,-0.0119761910467157
-0.0124005131984548,-0.0156117654721134
0.00533334597536239,0.0034904049397686
0.00706716722309242,0.0103987072208985
-0.00706716722309242,-0.0121423868257254
0.00706716722309242,0.00868815195763795
0.00526779093485896,0.00172860890061777
0.0156388938844547,0.0120173120040173
0.0170944333593002,0.0152416159686172
-0.0257524961024147,-0.0272589279726345
-0.00873367996875463,-0.00519481687710399
-0.0194868876734965,-0.0157483569681393
-0.0162311949285826,-0.0213911899813173
0.00181653092639789,0
0.00362319236942032,0.00180018050414776
0,-0.00180018050414776
-0.0481574529809725,-0.0442060925044958
-0.0152966653754737,-0.0075614727005765
-0.00579711768432589,0.0113208756244823
0.00964327627180417,0.00374532273016204
-0.00192123017789381,-0.00187090793581168
0.0171596202828264,0
0.00188857468786807,0.00187090793581168
-0.0132955424812446,-0.00750472565406779
-0.0271334475144002,-0.0267191467335097
-0.00393701295933957,-0.00387597384469296
0.00785858661252126,0.00580834159574695
0,-0.00580834159574695
-0.001958864485333,0.0019398648178266
0.00781253973679374,0.00386847677792035
0.00968061771072348,0.0153259704782268
-0.00968061771072348,-0.0114724011622368
-0.0196469973837965,-0.0155041865359653
0.0019821612039912,-0.00981362144832465
-0.0039682591756206,0
-0.0120001440031106,-0.0139029051689914
-0.0121458983021081,-0.0181639706276712
0.0040650462481695,0.00811363477416971
-0.00610378293801783,-0.00811363477416971
-0.00408998525152515,0.00609138939340192
-0.0270006018185059,-0.0308349197770074
-0.0212773984472848,-0.00208986491945917
0.00429185208154104,-0.010515343999523
0.00852883634752033,0.010515343999523
-0.023631604533277,-0.0232814748225586
-0.00873367996875463,-0.0107643665871585
-0.00439561147303813,-0.00216684808509027
0.0109530120191972,0.0043290110895855
-0.00655740054615905,-0.00216216300449523
0.015234244571848,0.0129034048359079
-0.0043290110895855,-0.00858374369139148
-0.0109052334822625,-0.0021574981400212
-0.00660068403135206,-0.015234244571848
-0.0291173985707273,-0.0266682470821614
0.0659579677917974,0.0611544231533306
-0.00212992625782493,0.0021164029063776
0.0190079640451767,0.010515343999523
0.0288679840008521,0.0308984415512341
-0.0267781190813929,-0.0350913198112701
-0.0104932757158387,-0.00421053253634351
-0.0431101236537285,-0.0278092786984279
-0.0133039656263628,-0.0131006240456981
0.0198901584792196,0.0152674721307884
0.00218579321998025,0.00216216300449523
-0.00877198607283702,-0.00650056460309334
0.00439561147303813,-0.0131292914417928
-0.0221738574943221,-0.0066298585386696
-0.0135442251077572,-0.0111483874826144
-0.00684153181671665,0.00223964259350484
-0.0231491818669657,-0.0226253995179787
0.0345258688490736,0.0359589303874439
0.00451468035452662,0.00220507255831393
-0.00677968698537867,-0.0155386034277791
-0.0464120417644647,-0.050469425689152
0.0118065125869891,0.00469484430420763
0.0139862419747399,0.00932407687512327
0.00231213975837952,0.00231749814036253
0,-0.00930239266231347
-0.0186485590780729,0.00233372334622017
-0.00235571369245913,0
0.00938974034983908,0
0.00233372334622017,0.00465117117573077
-0.021202207650603,-0.021102776067736
-0.0314415258348191,-0.03129015799321
-0.0452338418241486,-0.00244798163864013
0.0303820836881229,-0.0123306124574786
0,0
-0.00500001041670572,0
-0.0383188643021366,-0.0456932276588988
0.0129367910307194,0
0.062286630206868,0.0653498802084503
-0.0121508177825126,-0.00732604009207294
0,-0.00245398896156668
0.104382041998546,0.104868994389636
-0.0267873159636499,-0.0246373043853851
0.0333735088165067,0.0224224640558324
0.00218579321998025,0.0132160513915264
0,-0.0043859719432543
-0.0332994140690493,-0.0289875368732524
-0.0228320420426459,-0.02752467339009
0.016036998909817,0.00464037955650221
-0.00227531383713542,0
0.0158195389448926,0.0183491386681965
-0.0529467729737861,-0.02765153133051
0,-0.00703402665737995
0.0140847398817391,0.0163364193196934
-0.00467290569939249,0.00231213975837952
-0.0117786991926128,-0.011614532420693
-0.0239819646864854,-0.00703402665737995
0.0474022388945839,0.0255530744246175
0.0160738248310611,0.0226767086710297
-0.0183913229714237,-0.0181000416436179
0.00693644399665705,-0.00228571528085597
0,0.00684153181671665
-0.00925932541279673,-0.0206666368085591
-0.00934586241823765,-0.00698489452195095
0,0.00233372334622017
0.00934586241823765,0.00465117117573077
0.0184337016888381,0.0161108202726984
-0.0230957147946493,-0.0161108202726984
-0.00938974034983908,-0.00698489452195095
0.0749499356622471,0.0677459885323882
-0.00658619285285678,-0.00877198607283702
-0.0313224711290412,-0.0245274279962123
-0.0253178079842898,-0.0113508596686895
-0.00701757265864655,-0.00457666702741177
-0.0141846349919564,-0.0138570346614263
-0.00238379135527633,-0.0023282897595911
0,0.0069686693160933
-0.00959239969143943,-0.0116415750154858
0,-0.00234466695925406
-0.024391453124159,-0.0237540860081072
-0.00743497848751806,-0.0145281005629098
-0.00749067172915763,0
-0.0305367238600817,-0.0423475478290921
0.0255115876574086,0.0126423934151765
-0.0203569370687441,-0.00251572459724736
0.00768249617201622,-0.00758537138925652
0.00254777207879875,0.0126105075919296
-0.0179722424044304,-0.0228146777661714
0.00516797015844261,0.00256082086167375
0.00514139950041859,0.0127066512691147
-0.0286105340412658,-0.0050633019565467
0,-0.0179262162681521
0.0131063475053006,0.0204610718713401
-0.0026075634070809,-0.0050761530318606
-0.0131407935610584,-0.00510205188389545
-0.0160003413464411,-0.012870190520535
0.042111485350127,0.00516797015844261
-0.042111485350127,-0.0182059644965725
0.00803217169726433,0
-0.0270286723879194,-0.0374375270721308
0,0.00814115758369993
0,0.00807541400554534
-0.00825314175672043,-0.0107817756032883
0,0.0134591533740047
0.0432499837938166,0.0237791917661141
0.0515578096648501,0.043429557927336
0.00250941160542573,0.0124225199985571
-0.059372273499969,-0.0428817274832657
0.0210534091978324,-0.00258064659349166
0.0103627870355466,-0.00258732356495095
-0.0155847310166983,-0.0104167608582557
0.0130040844232067,0.0309303006913587
-0.0130040844232067,0
-0.031917602968305,-0.0361796565775024
-0.00270636159774296,-0.0105821093305369
-0.00816331063916087,0.00530505222969313
0.0027285146532039,0.00264200946283866
-0.0137176362287992,-0.0106101791120154
0.00550965581096952,0.00531916147759992
0.0456455074899604,0.0313341561704356
0,0.010230268250815
-0.0212209554828855,-0.0205662775814771
-0.0244245520070749,-0.0263173083173733
-0.0335226920386436,-0.0325231917055602
-0.00855925339566999,0.0136801039040803
-0.00863314714470276,-0.0136801039040803
0,-0.0251059211310762
0.0228581380760502,0.005633817718256
0.0140254753545044,0.0167134809737406
-0.0112045990128631,-0.00554018037561543
-0.0113315660095501,-0.0196359745168588
0,0
-0.0259754864032604,0
0.0173917427118691,0.0140649294674036
-0.00287769982761521,0.0111112254250707
0.00287769982761521,-0.0111112254250707
0.0199153097009415,0.0138698478641504
0.00561799230422322,0.0109590137897195
-0.0636052499545725,-0.0647201906811719
0,-0.0116960397631911
-0.00598804184462254,0.0029368596733097
0.0440599897940304,0.03174869831458
-0.0144720326085344,-0.00284495213223135
0.00581396986541982,-0.00285306898240645
-0.0264332570681554,-0.0260506771999423
-0.00298062813813793,-0.0029368596733097
0.0438026226583927,0.0346855579878897
-0.0408219945202548,-0.0288204385354918
0.0350913198112699,0.0173917427118691
0.0142655771588225,0.0142655771588225
-0.00568183346743112,-0.00283688133519977
-0.0230557762999257,-0.0259007284321571
0.0173414750364871,0.0202027073175193
0.00571430126343864,0.00853490244983757
0.0500104205746615,0.0551103627105187
-0.00816331063916087,-0.0053763570363804
0.0635134057223258,0.0652121486470455
-0.0129034048359079,-0.0127066512691147
-0.0130720815673527,-0.012870190520535
0.0130720815673527,0.00258732356495095
0.0432087543312369,0.0528424813743797
-0.00498754151103908,-0.00491401480242892
0,0
-0.00250313021811854,-0.00741659765504965
-0.0100756519887416,-0.0124845566622452
0.0250013022054173,0.0174350618221014
0.031594365418217,0.0434851119397387
0,-0.00711746776886391
0.00952388151125549,0.00475060275859773
-0.0143200537747485,-0.00713439411387407
0.0143200537747485,0.0118625353098201
-0.00237248035363036,-0.0142520227072015
-0.00715140115762514,-0.00239521072595483
-0.00479617226349305,0.00478469812333626
0.0400524677412266,0.00476191376024371
-0.0619245425598949,-0.0119475734211182
0,0.0143200537747485
-0.00246002584086225,-0.00713439411387407
0.00491401480242892,0.0118625353098201
-0.0374575625349003,-0.036018299189156
-0.0415644244212505,-0.0348293911416798
-0.00531916147759992,-0.002534855603188
-0.0161293819298837,-0.020513539833103
0.0054054185669079,0
-0.00269905696916495,-0.0104167608582557
-0.00270636159774296,0
0.0267395610418991,0.0232869513787907
-0.0240331994441562,-0.0364623725373551
0.00807541400554534,0.00264900817157687
0.0316649146439687,0.0363676441708749
-0.0183491386681965,-0.0180185055026784
0.00527705710084381,0.00518135874199765
0.0208340869028421,0.0128371467606807
0.010256500167189,-0.010256500167189
0.00762392511065935,0
-0.0101782049157561,-0.0103627870355466
0.0101782049157561,0.0103627870355466
-0.0334651562945467,0.0153455696746604
0.00261438057407082,0
-0.00261438057407082,0
-0.00524935588614373,-0.00764334931256805
-0.00792606527242068,-0.0154642256975817
-0.0350913198112702,-0.0263173083173733
0.032435275753154,0.00796816964917679
-0.00266311741948366,0.00264200946283866
0.0211089632102351,0.0208884879473555
-0.0318329265732109,-0.0208884879473555
-0.0440842731320193,-0.0458919932566553
-0.0373070524128105,-0.0308579883599054
0.00291971010333469,-0.0114614435190066
-0.00878482955573268,0.00287769982761521
0.0145987994211525,0.00858374369139137
-0.0204985215483409,-0.0230557762999257
-0.023953241022493,-0.029587957185496
-0.00913248356327245,-0.00602411460338104
-0.0123078476745968,-0.0559151848369097
-0.0508045756354596,0.0158481922400238
0.0129451645920371,0.0156009404424797
-0.0227652107730125,0.00309119256967283
-0.00660068403135194,-0.00619197024792117
0.0325761704346126,0.0154086253528452
0.00638979809877105,-0.00613498856751593
-0.0128206884290614,-0.00927363678532922
-0.0361287240885055,-0.025158559636155
0.0165841280155352,0.00317965291737976
0.0387145121806904,0.0373875320716204
0.0342179573103414,0.0330857245857654
0.0506814864761449,0.0462510176507556
-0.0944384668332452,-0.088553397341445
0,0
-0.0226180885877725,-0.021841741915049
0.00975617494536474,0.00628932890756406
0.00966191091173685,0.0186340795448929
-0.00966191091173685,-0.00927363678532922
0.0160517090105079,0.00927363678532922
0.0189280098855189,0.0243173076507064
0.0185763855729355,-0.012084739215072
-0.0030721990369702,0.0328878668448354
0.0626135927279867,0.0318406058556584
-0.0233928795747054,-0.0259754864032604
0.0462510176507556,0.0429250447170337
-0.00566573753567745,0.00279720462106137
0.0224728558520586,0.00834497193218064
0.0300980311572795,0.0353778390816509
-0.0525708870093381,-0.0465200156348929
-0.0435482452457352,-0.0546898862966201
-0.0301227594551083,-0.0300322870988752
-0.0154086253528452,-0.00611622701743597
0.00310077767824835,-0.0123458358222994
-0.0282593373144033,-0.0283483550042551
0.0282593373144033,0.0252379325898626
0.015361285161487,0.0276515313305101
-0.0184620628397354,-0.0245411089161176
-0.0188093319574962,-0.0125001627642314
0.0342179573103414,0.0217737995495606
0,0.0030721990369702
0.00609757986811843,0.0182375875497809
-0.0277367549715997,-0.0213097865867511
-0.0062696130135953,-0.00617285910708087
0.00313972000466767,0.00309119256967283
-0.048163401378623,-0.0313505298840762
-0.0132452267500207,-0.0192932029346788
-0.0202027073175193,-0.0163669774642055
0,0
0.0101523714640179,0
-0.00337268447863925,0.00329489589685261
-0.0101868453069931,0
-0.0311983708558612,-0.0300523450664019
0.0105079775984149,0.0101181301655846
0.0376112707457834,0.0394788109737876
-0.023770219333912,-0.0228394919698229
0.0437044342347293,0.0196084713883764
0.0323652845020317,0.0287101058824315
0.0282593373144033,0.0186921330121526
0.0123078476745968,0.0183491386681964
-0.0123078476745968,-0.0214403312378693
-0.0124612204378121,-0.0124612204378121
0.0186340795448929,0.0186340795448929
0.0243173076507064,0.0332859776334669
0.0354019270509158,0.0350913198112699
0.0115275051710673,0
0.0254610641982733,0.028330506626226
0.00557104504945527,0.00557104504945527
0.0697333380146753,0.0723206615796262
-0.0235921820168201,-0.0208884879473555
0.0313341561704356,0.0208884879473555
-0.0155443544378003,-0.0156253179030809
0.0129703504426275,-0.00790517950711334
0.0204088716312071,0.0490420850676028
0.00754720563538291,0
0.0223057575142981,0.0248769047554045
0,0.0409202697893628
0.0242142581205946,-0.0166472334331563
-0.0217662764819545,-0.0291991546922622
0.0217662764819545,0.024391453124159
0.0329441557193541,0.0285054929979263
0.00231213975837952,0.0116415750154858
0.0273365541637505,0.0273989741881144
-0.00676440008854218,0.00673403218134416
-0.0136676387286637,-0.0295140605131641
0.00913248356327245,0.013730192811902
0.00453515516539127,0
-0.0727166675814636,-0.0633271339512741
-0.00487805845343281,-0.0121804185568711
0.0383740128816151,0.0408219945202553
-0.0118344576470029,-0.0118344576470029
-0.00477327875265776,0.0188684843043828
0.00952388151125549,-0.0141178815457851
0.0117786991926128,0.0141178815457851
0.0139537147738653,0.011614532420693
0.002306806097915,0.00919546709310037
-0.0162605208717803,-0.0231491818669657
0.0162605208717803,0.0185620178600596
0.0114548789747666,0.0136988443581619
-0.0114548789747666,-0.0160003413464412
-0.0162605208717803,-0.0162605208717803
0.00932407687512327,0.00932407687512327
0.0252017919739503,0.0229367853430983
0.0134833503372871,0.0157483569681391
0.0155041865359653,-0.00671895024874491
0.00657176516323454,0.0266091087279645
-0.00657176516323454,-0.0043859719432543
0.0087527911095947,0.00657176516323454
-0.0332256476283205,-0.0355593020364869
-0.0158913673366345,-0.0228842938335878
0.0113766869821079,0.0160738248310611
-0.0182653479772933,-0.0183913229714237
-0.0233110788684471,-0.01637463487179
0.0256125758567264,0.0279087881170766
-0.00692044284457383,-0.0138570346614263
-0.0186921330121526,-0.0140517534556504
-0.0507968932852747,-0.0532813666129366
-0.00997514505681951,-0.00749067172915763
0,-0.00250941160542573
0.0149256502166757,0.0199011543172949
-0.0149256502166757,-0.0148886124937506
0.0124534610712866,0.00747201483870097
0.00247218914538905,0.00247831601446713
0.00246609249519347,-0.00247831601446713
-0.0249389483472521,-0.0225856526487491
-0.00252844635335869,-0.00764334931256805
-0.002534855603188,0.0277445286336553
0,-0.0125158079318307
0.0250639686632163,0.0395113122738423
0.029270382300113,0.026285862270925
-0.00966191091173685,-0.00710062154957636
0.0144580831752299,0.0188240852456356
0.00238948739738143,-0.00467290569939249
0.0534389621555604,0.0480092191863607
0.00676440008854218,0.00667410708769323
0.0222231367847102,0.0219307034939702
-0.0403642238553603,-0.0398282729515129
0.0315341444070882,0.0245274279962123
-0.0246926125903716,-0.0200229158751077
-0.016036998909817,-0.0135748690910689
0.002306806097915,-0.00685716972613704
0.0362030486639606,0.0470411475451704
0,-0.00219058137981865
0,-0.00219539056343565
-0.00445435034938024,-0.0110498361865851
0.02425697764556,0.0176216013498196
0.0405605224309108,0.0448314132967301
0.00833338155914431,0.018614808442232
0.00620477688688281,0.00612872194137348
-0.00620477688688281,0.00609138939340192
0.0306459120460284,0.0140705838969423
-0.00605450890870618,0.00597016698650388
0.0120725812342692,0.00790517950711322
0,0.00784317746102592
0.0158733491562901,0.0097182494689213
-0.0239055208535545,-0.019531870917246
0.027834798993444,0.019531870917246
0.001958864485333,0.00193236775105399
-0.00983292091623889,-0.00775197680431794
-0.0423877783499824,-0.0336332393585365
0.0082135985373889,-0.0040322635279384
0,0.016032407531049
0.0381189581036099,0.0235767305639969
-0.00394477829101636,-0.00779731046003174
-0.00793654959573631,-0.00785858661252126
0.0177694705119752,0.015655897072553
0.0289316225340055,0.0230336478776262
-0.0230779472825448,-0.00953296065872355
0.00581960905326395,0.00382409643840342
-0.0155948579579064,-0.00191022025611931
0.0213807950249504,0.0132955424812446
0.00575265248944978,0.0075188324140274
0.0189399601009217,0.0203899557030492
0.0185878957680909,0.0127622516138512
0,-0.00181323712418091
0.00733948248804572,0.0108304307743696
-0.0018298266770761,-0.00359712618084951
0.0036563112031105,0.00359712618084951
-0.00732604009207294,-0.0072072384049493
0.0218190473946397,0.0267634171988164
0.00359066813072861,-0.00529568757471033
0.0212773984472847,0.0175443096509095
0,-0.00174064447778399
0.00524935588614373,0.00521287018853311
-0.0193838668210483,-0.0122059056795037
-0.0325526030377484,-0.0393610738805801
0.0218190473946397,0.012692826798419
0.00716848947861259,0.00896866998276036
0.0176995770994007,0.0229489329855445
0.0104712998672954,0.0121423868257254
-0.0157483569681393,-0.00345423486808749
-0.00885745383406078,-0.0227481375259365
0.0141345109349046,0.0175443096509095
0.0276834287484168,0.0274459766087478
0.00170503025108382,0.00674538813953152
0.0351500621380706,0.0265355536259656
0.0146941419392208,0.014622518867542
0.00323624877920831,0.0032206147000422
-0.0179303907184291,-0.0178431335675842
-0.00329489589685256,0
0.00164880499018383,0
-0.00164880499018383,0.00163532334073074
-0.0132892321186827,-0.0148150857851406
-0.00671143458798684,-0.0083264427765537
0.0117156151725627,0.00666669135818931
0.0197700014010038,0.0326826474303584
0.0113545421029259,0.00160642604827371
-0.00161420535454115,-0.00321543685397441
-0.00485830915107632,-0.00646205802809097
-0.00162469572700191,0.00646205802809097
0.00809721023261939,-0.0097088141269609
0,0.0161293819298836
-0.0311245435039297,-0.030871663667087
-0.0167789171291094,-0.0166393190039648
-0.00338983375451152,-0.0033613477027048
-0.0380668799238347,-0.0325092785652945
-0.0674822971815844,-0.0683719462884856
0.0279087881170766,0.022100347000666
0.0708260525686122,0.0532040360634645
0,0.0289381894923545
-0.0103093696588612,-0.0186288198334933
0.0222041573110104,0.0186288198334933
-0.0136056520557786,-0.00673403218134405
-0.00687287928776215,-0.0136056520557786
-0.00692044284457372,0.00512383699986929
0.0189171591322052,0.00509771707166873
0.0318551662412181,0.0316957308101319
-0.0116183879538652,-0.00328947665039875
0.00996685991539215,-0.00330033302865684
-0.00497101272202038,0.00494642393532557
-0.0458874045114707,-0.0523326154580675
-0.00523104941755259,-0.00521287018853311
0.0309835455199673,0.0376112707457833
0.00338409798424055,-0.0033613477027048
0.0167508104248154,0.0183491386681965
0.016474837203505,0.0163938097756764
-0.00985229644301161,-0.00980400009662086
0.00493828164058258,0.00491401480242903
0.0323129889905435,0.0242142581205946
0.0235674694039131,0.0313997538679799
-0.00155400186673427,-0.00464756839654695
-0.00937506866545601,0.0275668298326546
0.0445200149682258,0.00452148471884595
0.014903405502575,0.0104712998672954
0.0132257622192612,0.0220759516991998
-0.0311366887857915,-0.0325472515664952
0.0238106486937185,0.0237752654936583
0.0145987994211526,0.018909654357292
-0.0101967380205149,-0.018909654357292
0.0174169859940019,0.02465679661286
-0.0381277854365635,-0.0394499657906905
-0.044315883774511,-0.0441808332817207
0.00933132742888432,-0.00155884676929113
0.0304901667577873,0.0322360990163382
-0.012084739215072,-0.00302572091653697
0.0165791288029113,0.0180185055026784
-0.0196232711841394,-0.0225743220385391
0.00456274555841818,0.0121030221712436
-0.0323852511577174,-0.0228146777661714
-0.0221879149753622,-0.0280829687428254
0.017474630523264,0.0219101096357445
0.0294823525645071,0.0214403312378694
0.0241703609278131,0.0195054946242566
0.0177519454584504,0.0220435082886157
0.00875918008988141,0.00435098583432619
0.0014524330803149,0.00433213673913463
0.0101083893207611,-0.00433213673913463
-0.0291565842914554,-0.0160470255975174
0.00883658180049801,0.00732604009207294
0.024621084390348,0.018800264500147
0.0113799236627625,0.0142249909313473
-0.00425230973853036,-0.00566573753567734
-0.00855925339566993,-0.0200867585667374
-0.015884810540023,-0.0175443096509094
-0.0235651552506675,-0.0178576174000064
0.005943553900848,-0.00451468035452668
-0.0224728558520586,-0.0228842938335878
0,-0.00154440185137411
0.0165293019512106,0.0319418790357452
0.0380162737888419,0.0251306647255796
0.0170701157716037,0.0116111609276778
0.0720910291545188,0.0629138254105693
0.066013810315894,0.0424466902472571
0.0572949046611529,0.0382212128201978
0.225461049454572,0.078117779263952
0.158111081043355,0.0778170223568077
0.0180185055026784,-0.0789737604846315
0.0536585074868448,0.0452565915881209
-0.0382498821339997,0.0186306758631304
-0.0762273653878843,-0.00982004618097547
-0.0225291130600281,0.0141537474380938
-0.368193713310933,0.02877129727894
0.228009740965383,-0.209580484766589
0.178268044960772,-0.0222668007757515
0.130785953918007,0.0312932966217236
0.229537889264936,0.0114870439871309
-0.470116950113895,-0.0388147042155075
-0.0782311129751857,-0.0403823374456857
-0.0966836716321373,0.0244245520070749
-0.115490848311499,-0.00134138182420135
-0.037041271680349,-0.00403497521217905
0.00251256413588313,0.0200140102700683
-0.0305756302027931,-0.00662692948760896
0,0.0132102317368065
-0.0209157951499732,-0.0145409039225116
0.0105125803890871,0.00531209748488998
-0.0105125803890871,-0.00797876573180523
0.0183251201258807,0.0158943743444664
0.0230779472825448,0.0246605618219516
0.0506593799447693,0.0609262354516575
-0.0170113458265366,-0.0145810602752921
0.0048899852941918,0.00974429147467809
0.0347548460530485,-0.0345287075444658
0.0221325283490029,-0.00251256413588313
0.00230149698827922,-0.00757579380845769
-0.00345423486808755,0.00757579380845769
0.0126076168545748,0.0358284152551397
-0.0855628511284883,-0.0901053021095781
-0.00124146508806491,0.0158106060266423
-0.0264332570681556,-0.0264916154469764
0.0114142012844402,0.0133335308694652
-0.0268386716100718,-0.0241298570596881
-0.0491140508119395,-0.0275120515897163
0.00271739297649992,0.00417537141048063
-0.00817443243955812,-0.00417537141048063
-0.0577218621584735,-0.0515135344501079
0.0186652942193599,0.0102265317838311
-0.00570614957685467,0.0129965728271802
0.0268188268144139,0.0212925006514519
0.034226475669535,0.0506610721052437
-0.00810815252842256,-0.0161510913278829
0.0174853143410196,0.00676135097804387
-0.0283994745216981,-0.0231775883127057
0.019022312709101,0.0136988443581619
0.0549876730646493,0.0632621967779665
-0.0115311975991897,-0.151387366346075
-0.100219116157408,-0.0440466035403742
-0.0114614435190066,0.0275668298326546
-0.00144196131690127,-0.00302572091653697
-0.020408871631207,-0.0183491386681965
0.00879771070352919,-0.0250013022054173
-0.00146092063967485,0.00630916919326474
0.0582137372321242,0.0565467663046057
0.00412939334201123,0.0059259432675472
-0.011049836186585,-0.0193891234358411
0.0421544397540338,0.0456296960883582
0.00398671624382135,0.0185322481289276
0.0948277871273389,0.0826468758119243
-0.0194890455874844,-0.0157277160681952
0.00245700369305213,-0.00529802563755521
-0.0123458358222992,-0.00265957603575884
0.00619197024792109,0.0105961256314952
0.0159219530105852,-0.0105961256314952
-0.109012376076597,-0.0256251378028232
0.0187924993493673,-0.0825504030490045
0.00398142529918488,0.030681734652485
-0.0558347869094404,-0.026240572652517
-0.014104606181542,0.00735838493118712
-0.0346855579878899,-0.0132843281987343
0.0332640936405124,0.0336043306896917
0.0127210196013109,0.0255333020051647
0.037220009536226,0.0262627395470671
0.0629303274692015,0.0531333467007705
0.00759497321744476,-0.00648931543974979
0.00377596420953505,0.00648931543974979
-0.0025157245972473,-0.00648931543974979
0.00377121754307932,0.00778214044205494
0.0223334344506476,0.0317890721765476
-0.0135888440618962,-0.0125946249204004
-0.0471124678117102,-0.0361329629841884
-0.0197504774174164,-0.00924098985372979
0.0429473938325687,0.0402913497744524
0.0101395038524396,0.00761424998524546
-0.030732252129204,-0.0347301786011334
-0.00652318033912347,0.00130804466001533
-0.0332698682183188,-0.0332256476283204
0.0501424294194457,0.0292963694884308
-0.00775197680431799,-0.00790517950711328
-0.0183251201258807,-0.0119761910467157
0.0144264797102234,0.00800004266707627
-0.00522194398115167,-0.00532624428267409
-0.0292185459991401,-0.00938974034983903
0.00671594196543684,0
0.0432287345508202,0.0486618027033679
0.0114724011622368,0.00767267191166016
0.00126662461519295,0.00127307464679813
-0.0191699161077202,-0.0153849188394795
-0.0408219945202551,-0.0422226304223467
-0.0094531426437553,-0.00811912443850421
0.0412018409583356,0.0334032391328096
0.0155041865359652,0.0323234345675207
0.0402064204780406,0.0350035735733336
-0.00741659765504968,-0.0098766234959119
-0.00872279674035362,-0.00622279543826906
0.0247231380867946,0.0222231367847101
0,-0.00366972888896241
0.0300684107428877,0.0349222723930669
-0.0167267938053135,-0.00474496738422578
-0.0318264316116771,-0.0549924741285649
-0.0175663237178992,-0.0151901654939752
0.00252844635335869,0.0063573004954664
-0.0178348676360343,-0.012755274975126
-0.00128617381074414,0.0140218995903189
0.0178576174000064,0.00630916919326474
0.0262023723940241,0.026072240309775
-0.00741659765504968,-0.0086154379056152
-0.0238554940892251,-0.0199756954236437
0.0151326973488715,0.0162605208717803
-0.00501883111194276,-0.00622279543826906
-0.0126583968719235,-0.0100377254335113
-0.0350003321400368,-0.0372554324683275
-0.0172991672628122,-0.0131754211585645
0.00401875959491776,0.00264900817157693
0.0132804076678944,0.00396040121609692
0.0118034157248845,0.00918039234496137
-0.00130463162666489,0.0026075634070809
0.0155443544378003,0.0142213127230761
0.0291344228899676,-0.0142213127230761
0,0.0193429628431309
0.0210013895343877,0.0152094186635288
0.024155763879336,0.0297419691987374
-0.0426633865353213,-0.0462293433077582
0.0258158159627099,0.0202538569044977
0.0227964280923838,0.0453231274010466
0.0211275464258754,0.0329829662325725
-0.00349040493976852,-0.00581059159546565
0.0241807981972147,0.0173314563516399
-0.0195296270214839,-0.00920604890772289
0.0126802851759091,0.00461361833351273
0.0170361871525679,0.0205018570441875
0.0167508104248154,0.0134380521620408
0.0229895182246988,0.0263462000312319
-0.0185696215265476,-0.0207998741106757
0.0557486247683015,0.0559285526592247
-0.00313316183203693,-0.00314300939719918
0.0124741742251757,0.0166497082365641
0.0335226920386435,0.0304901667577873
-0.00701757265864644,-0.0130984240459181
-0.00302267232658605,0.00707430944253718
-0.00810541418282144,-0.00910476699291918
-0.00714653373407407,-0.00816331063916094
0.0030690561174179,0.00408998525152512
0.0141990215146622,0.0171981982972207
0.0287861067184772,0.0315919658722112
-0.026774033605057,-0.0335999986754568
0.0547546337183583,0.0538027059929763
-0.0105213787415327,-0.00286123228103231
-0.0322450994168562,-0.0349889918500655
-0.00998012275672386,-0.00396432630190913
0.0296464399667198,0.0254915764010763
0.00775949577091123,0.0086747531936738
-0.0087336799687545,-0.0223201890905875
-0.013739175883304,-0.000981836112256652
-0.027042208675322,-0.0188404184619145
-0.0330267375178868,-0.0450434381678233
-0.0147994244459392,-0.0147682008953506
-0.00320000273067074,-0.0117585534380779
0.00851068966790853,0.0191699161077201
-0.0355832688855423,-0.0398116049950634
0.0184888355262423,0.0141691743817259
0.0255333020051646,0.0392623373286083
0.015633460661929,0.00311688564025313
-0.016684432907904,-0.00103788281242006
-0.0266398278992108,-0.0380998462322703
0.00107933091967577,0.00215517324798337
0.0380998462322703,0.0276026016668916
0.0623944797743829,0.0430394294811081
-0.0147422817372033,0.0208444271486297
0.062370330726458,0.0563394800459205
-0.0584177564106346,-0.0583060490179613
-0.038195597738036,-0.0442728236779882
-0.018614808442232,-0.0124225199985572
0.0103843093057165,0.00623054975063608
-0.0187701026819905,-0.0145987994211527
0.020834086902842,0.0197614334999596
0.0304592074847086,0.0284283103572286
0.00598207167754747,-0.00501757199197949
-0.0272057081291742,-0.0172505546137913
0.0111733005981252,0.0101833873906989
-0.0111733005981252,-0.0132587357909465
-0.0154403479199648,-0.0113578918444096
-0.0230860200341826,-0.0231102722127459
0.00634922767865875,0
-0.00847462699097223,-0.00961032489978834
-0.00854706057845829,-0.0107875911289974
-0.00537924911973603,-0.005437751300129
0.0287101058824313,0.0343013263534629
0.016632400049142,0.0104822762735104
0.0492809617252962,0.057737553254989
-0.000981836112256652,-0.00790517950711328
0.0126892869064918,0.00790517950711328
0.0399292586137386,0.0367191009628805
0.00650257748756702,0.0215869480550808
0.00554018037561538,-0.0215869480550808
0.00183992692200718,0.0234422361568269
0.0100595269877333,0.0156325022498263
-0.00638979809877092,-0.00182648452603433
0.0136427764037864,0
-0.019152432214756,-0.00826071700736669
-0.056833474763166,-0.0578634603751068
0.0087336799687545,0.00778214044205495
0.0134359026968277,0.0201445660924674
-0.0558695011114243,-0.0810720438426506
0.048213961330096,0.037396980339989
-0.0431862986531305,-0.0312367965885312
0.0517946731897308,0.0351971978046281
-0.0527981855669709,-0.0189531858022383
-0.0357728486143058,-0.0506044978996719
0.0367763609915459,0.0404829540016659
-0.0326226686228524,-0.0226347111768741
-0.0499307107184954,-0.0545298094593967
-0.0276108097439914,-0.0233473639969912
0.0265208913799658,0.0310102367425603
-0.00109110758233458,0.005437751300129
-0.00987391455899367,-0.00652885888246357
-0.0590409811783764,-0.0665784460763505
0.0104712998672954,0.00581735206591333
0.0194848571321239,0.0183913229714236
0.0508959396296757,0.0628999356535704
0.0276613380883469,0.00213675294973519
-0.0572201403298913,-0.0458595639635669
0.0338645139527564,0.0133187318402812
-0.0383188643021366,-0.0462575415527015
-0.0433363134869682,-0.00695251931488175
0.0127390257774298,0.00116211518017739
0.00459243057421016,0
-0.0337830612436451,-0.0414997309067528
-0.0276293851435289,-0.0245110310143497
0.0568200158129639,0.0531526069777338
-0.0232839389540448,-0.0118344576470029
-0.00709222830949185,0.00237812240496743
-0.00118694375952874,-0.00118835426937866
-0.021609484332855,-0.0314035467320854
0.0227964280923838,0.032591901001464
0.0429549494703967,0.0430048834428503
0,0
-0.00569802111463774,-0.0195296270214839
-0.0527981855669709,-0.0475148756075132
-0.00120554565534864,0.00968530573446372
0.0131817367020643,0.0190936588155797
-0.0400782235674104,-0.0410190194445452
-0.01121507082014,-0.0148886124937507
-0.0164248796674004,-0.0176549352387207
0.0164248796674004,-0.010230268250815
0.0607720383420942,0.0537965852740365
-0.0130565653024278,-0.0122550553370152
-0.00479042832263263,-0.00246913705692126
0.00836824967051661,0.0220057779651995
0.010657294473988,0.0179753192186354
-0.0214293914558991,-0.0240396191861468
-0.0280677363343527,-0.0258794479878206
-0.0237957376752212,-0.0163628572104801
-0.0269765876982021,-0.0218097162945497
-0.00653170186321517,-0.0183251201258807
-0.00525625388882711,0.00395517984292798
-0.0145987994211527,-0.0145794497631573
0.00533334597536256,-0.0107383582211326
-0.0160861377516244,-0.00677050656721062
0.002699056969165,0.00811912443850421
0,0.00671594196543684
0.00403497521217905,0
-0.0176037044182479,-0.0189194832461658
0.00680737822802502,-0.0234655349260059
0,0.0124914878940292
0.0161510913278829,0.0218289704414121
-0.0161510913278829,-0.0135871655463084
0.0107963261902229,0.0135871655463084
-0.00673403218134405,-0.0108549234094354
-0.00542006746933921,-0.00547196987799337
0.00406780221932551,0.00410678195265346
-0.00951740698689019,-0.00410678195265346
-0.0277026025493358,-0.0348953758506158
0.00560225554866983,0.00425230973853036
-0.00982464042851811,-0.00425230973853036
-0.0300666885987839,-0.0376310682176467
0.0158619043004666,0.0102715503218297
0.0461297717275014,0.0442613286984202
0.0162605208717803,0.0138698478641505
0.0561872135843114,0.0536321549157953
-0.0231372789117593,-0.00654881187890544
0.0370176279441648,0.0233776880090625
-0.0461620417631625,-0.0366053941066136
0.0259081848586648,0.0353208724142569
-0.041781534014955,-0.0273632707409429
-0.0380480676375299,-0.116133142525142
0.0232727820553755,0.0321195494221125
0.0462739526415254,0.0435768171990998
0.00515465058866449,0.0136614146558172
-0.00774197415361544,-0.0122868439926506
0.0243134177428777,0.0109290705321903
0.0636689902342015,0.0720678490387777
0.00473373665019894,0.00630121807672915
0.00471143392131976,-0.0190240360046971
-0.0130102367360149,0.0475089340133834
-0.047540944769,-0.0222231367847101
-0.0163628572104801,-0.0240062065230482
0,0.00382897723709735
-0.0192190412704572,-0.0192932029346789
-0.0275427246375822,-0.0236541908978897
-0.0187924993493673,-0.0201484317605032
0.0240975515790605,0.021477335610557
0.0286851479988586,0.0300872923833252
-0.0207799684917453,-0.02478926674577
-0.0225623373070868,-0.0186672087196896
0.0212491394821264,0.0291797891087767
-0.026632732565599,-0.027834798993444
0.0305671638704337,0.0291411349074994
0.00130804466001533,0
-0.0238106486937186,-0.025116984607774
-0.00402415029972542,0.00267379838440218
0.027834798993444,0.0250507496304527
0,0
-0.00655740054615911,-0.00915637528598634
-0.0092532054804832,-0.0105681300617923
0.0171169419406977,0.0171169419406977
0.0078023802841849,0.0116808596127557
0.0115905998149098,0.0115459909970609
0.0227857959265887,0.0251902488285586
0.012437971292217,0.00990107098271159
-0.00869030919197719,-0.00370142310318627
0.00497513464011379,0.00738919618237091
-0.0200507970455611,-0.0261046519937269
-0.0101782049157561,-0.0152287207018247
-0.0089917111919641,-0.0089917111919641
-0.00777205984770302,0.00128949082987179
0.0103493808620035,0.00514139950041864
-0.0208069925059616,-0.0272921422880075
-0.0039499722193142,0
-0.00396563639334696,0.0143887374520996
0.0118500399174958,-0.00520834510713825
-0.0105264129869875,-0.00918039234496137
0.0118344576470029,0.0104850239716263
0.0168506903518558,0.020645894623547
0.0278852034895357,0.0239759118757114
-0.00752826642079157,-0.00124766079815528
0.0455463336083124,0.0391726950984834
-0.0367688477870889,-0.0341913647482792
-0.0433741457011031,-0.0431539038552339
0.00390371348047336,0.00388350002639765
-0.043802622658393,-0.0422226304223467
0,0
-0.0109141601806785,-0.0108402145528649
0.00819676720417856,0.00678889233368618
-0.0150791068271203,-0.00951740698689019
-0.0394417320512968,-0.0461297717275014
0.00858374369139148,0
0.0155480163884849,0.0142047842983173
-0.00562589388216844,0.00281690327111339
0.00982464042851811,0.00700773715740471
0.00695897032430348,0.0111112254250708
0.0192313619278876,0.0191524322147562
-0.016461277054072,-0.0136427764037865
-0.0139278017444687,-0.00689182603792132
-0.0112836176020273,-0.0237939846655226
0.00141743468097338,0.0014154284033307
-0.0316573198706915,-0.0286963736742233
0,0.00145454571099418
-0.0206802052375387,-0.00145454571099418
-0.0105027221991493,-0.0205889625776216
0.00150715929057138,-0.00745715610808206
0.0296757681461166,0.0192741326128666
0,0.00439561147303807
-0.00146305805176039,0.00583092031079308
0.0288620322398747,0.0300666885987839
0.0141245286036311,0.0140058311889192
-0.00703732672057622,-0.00837993730675074
-0.0113637586503151,-0.0098661829210539
-0.0187460428210552,-0.0128298267327182
0.010137668284455,0.00999294539751855
0.0423194318789119,0.0403673457286091
-0.0111112254250708,-0.00959568706185543
0.00418119076040108,0
0.0124396904756393,0.0109590137897195
-0.00275103337188992,-0.00409556886473711
0.00823049913651552,0.00681665897909778
0.0108696722369039,0.0108109161042156
-0.00542006746933921,-0.00269179166571143
0.0148350664039411,0.0107239633629757
-0.0148350664039411,-0.00668898815079666
-0.00272109011436067,-0.00403497521217905
-0.047428693571111,-0.0511514403551118
0.0155920947598363,0.0126851595273157
0.0167367923555238,0.0221615718028525
0.0041407926660314,-0.00274348594575086
0.0109590137897195,0.0122868439926506
0.0148751897650439,0.0121377080144243
0.00802143338457523,0.00534760632659531
0.0314573775892123,0.0327898228229909
-0.0142952401868265,-0.0116808596127557
-0.0171621374023858,-0.0171169419406977
0.0158523795203223,0.0171169419406977
-0.00921665510492403,-0.00654881187890544
0.0105264129869875,0.00785344350557032
0.0142952401868265,0.020645894623547
0.0267361564910361,0.0252220179559586
-0.0101010959865039,-0.00875552810237865
0.0458852964768018,0.00875552810237865
-0.0433504408736137,0.00496895432318714
-0.0872415530753509,-0.081282633436857
-0.0167134809737406,-0.0341796771120452
-0.00422238487984827,0.0027777795639024
-0.0300666885987839,-0.0167836107528216
-0.130214639998529,-0.148758567360532
0.00988475923254206,0.0113914982860955
0.0557913596284156,0.0474022388945839
0.00618239990831748,0.00154202035181528
0.0183211231475963,0.0228494327723439
-0.0167814769620035,-0.00604231445596265
-0.0265019407455066,-0.0198935405195707
-0.00793025567597755,-0.010878118147183
0.0236045577694207,0.0201089529227135
-0.020424904852041,-0.0201089529227135
0.00475060275859784,0.00778214044205494
0.00157853229304972,0.00309597770512809
0,-0.00154679071829872
0.046233195039208,0.0334886697540439
0,-0.0459498901918559
-0.0653420567372545,-0.0110324208035767
0.00160642604827371,-0.00635932190829247
-0.0161815828512418,-0.00961545869944191
-0.0147907380013965,-0.0162341227618835
0.0309723208526383,0.0242534119285032
-0.00321543685397441,0
-0.0162341227618835,-0.00801928916661976
0.0432413241731946,0.0285733724440561
-0.0173917427118692,-0.0110150602306774
-0.00800644789374122,-0.0127390257774297
0.00160642604827371,0
-0.00967749488206537,-0.00643089033029043
-0.0279393686892415,-0.0361287240885055
-0.0373557865437689,-0.0151645702990451
-0.0139375078437817,-0.0102389973010943
-0.0105821093305369,-0.0120795256546011
-0.00177462335836853,-0.008718451039881
-0.00534284441049526,0.00174978172378759
0.0606246218164347,0.0593897996797005
0.0314335226015128,0.0324177495734224
-0.0518077417966502,-0.0423516060977131
0.0136288310556059,0.0132233331746894
-0.079197041661193,-0.0820973621872006
-0.0780605464695453,-0.093351315318992
0.0118111609283446,0.0212979976789344
-0.001958864485333,0.00382409643840342
0.0403512955235674,0.0263668758407423
0,-0.00746272120158953
-0.0423140046914161,-0.0227282510775562
0.0609712622959588,0.0320479830263585
-0.020542272300314,-0.0149535496670584
-0.0443660029549844,-0.0228581380760502
0.0462510176507557,0.0247396061757558
