-0.0414997309067528,-0.0329604858492606
0.0151390612156842,0.00702990592825825
-0.0322334945749844,-0.0194524259268152
-0.022668799812713,-0.0180185055026784
-0.0377403279828468,-0.0313968540606721
-0.00550965581096963,0.0130477153924755
0,-0.0111733005981252
0.014625489218979,0.0222231367847102
0.00542987759436941,0.00547946576462555
0,-0.00364963908754945
-0.0072464085207673,-0.0018298266770761
-0.00364299127850098,-0.00735297430525894
-0.0110092855083694,-0.0111318403688442
-0.0223889948934787,-0.0264665731881633
0.00938974034983908,0.0152094186635288
0.0185190477672376,0.0168385643628297
-0.0222643704973996,-0.0168385643628297
0.00747667034302013,0.0075188324140274
0.0147877001543795,0.0111733005981252
0.0109490144896703,0.0165293019512106
0.0162019745762805,0.00906624523775323
-0.0107720969819111,-0.00180668522494909
-0.0072464085207673,-0.00180995524523941
-0.0484265939054744,-0.0387860250351566
-0.0389154162496735,-0.0403512955235674
-0.0240975515790606,-0.0138205556186322
0.0359320092260633,0.0370774177828995
0.0194180858571017,0.0170944333593001
-0.0135529664047036,-0.011363758650315
0.0173917427118693,0.0151231615742208
0.0208538362832058,0.0204278226900981
0.0130477153924755,0.0127855622969718
-0.0168071183163813,-0.0164688077132683
-0.0228581380760502,-0.0223889948934787
0.0133973295718213,0.0131210879626972
-0.0153259704782268,-0.0150096626505652
0.0115164420615591,0.0150096626505652
0.0226424767497598,0.022100347000666
-0.0150378773645405,-0.0165293019512106
0.0224728558520586,0.0110498361865851
0.0201656695945944,0.0163491380015295
0.00723330459352012,0.0071813594086646
0.0160861377516242,0.0334243955172782
0.0227880150100407,0.0222421487337208
0.0137695807237569,0.00842464965925149
-0.0103093696588612,-0.00673403218134405
0.00688470877749714,0.00841047850859644
-0.0120795256546011,-0.0151901654939752
-0.0228280325562009,-0.0293377382426167
0.00531445006349263,0.0156388938844547
0.00528635592314797,0.0102916860365476
-0.0267157473790469,-0.0189497487796622
-0.0499641382059216,-0.0426352316444358
0.0187975459675024,0.0126241532283965
-0.00560225554866978,-0.00539084863487638
-0.0169975763685711,-0.0163491380015295
-0.0172914971100611,-0.0166208812360404
0.00964327627180417,0
0.0283841193174351,0.0166208812360404
0.0312238404515328,0.0306606523947851
-0.0164087546663921,-0.0143115143932556
0.0554207939414076,0.0577588341521922
0.00520382787502705,0.00508906950747134
0.00517688817953377,0.00842464965925149
-0.0121213605323448,-0.00504626806762432
-0.031861102068984,-0.0273521324896259
-0.00541029272824756,-0.00347222571074912
0.0267634171988164,0.00865806274311454
-0.00884179058146095,0
0.0158593632401075,0.0102916860365476
0.0121634861931974,0.0135595297856324
0.0120173120040173,0.0100503358535015
-0.00170794234515614,0.0033277900926747
-0.0224728558520586,-0.0235304974101942
0.00870327512830171,0.00846745109909852
-0.0316927933530002,-0.030824358200375
0,0.00520382787502705
0.00357143236759716,0
0,-0.00173160216427792
0.0141595286036345,0.015477523068913
0.00874896219323551,-0.00170794234515614
-0.00174367960482691,0
0.00868815195763795,0.00511510066677046
0.0406835766364436,0.0578195708888263
-0.0100167782434714,-0.00967749488206537
0.0149877909654917,0.0160775167275329
0.0115038244814846,0.012678458259771
-0.0131580845775112,-0.0190784801052385
-0.00165700120762946,0.00640002184546751
-0.0133557911815557,-0.0160775167275329
-0.00843886864586463,-0.00487409575824532
-0.0362421027734342,-0.0264041741965108
-0.0267157473790469,-0.0271203062191939
0.0143371631464072,0.0204088716312071
0.0401099973381652,0.0298529631496812
0.0203052661607457,0.00975617494536474
0.0199011543172949,0.0112631922787107
-0.00990107098271159,-0.0128826258310137
0,0
0.00825768523898157,0.00807106883379166
-0.00164609090666873,-0.00160901080570069
0.00820349145282778,0.00801928916661976
0.00651468102119374,0.00159616953282216
0.0112995552539334,0.00794285351393675
0.0111733005981252,0.0234569003540432
0.0358573098908527,0.0274407461549536
-0.00923083477553049,-0.0136262517117651
-0.00931683758023055,-0.004583659667658
-0.00783089358054789,-0.00768643292415638
0.00157109223204122,0.00154202035181528
0.00781864811779781,0.00614441257234111
-0.00468384931242638,-0.00768643292415638
-0.0205540832774363,-0.0171210407801113
-0.0161034075665787,-0.011049836186585
0,0.011049836186585
0.00808411839995898,-0.011049836186585
-0.0195128142235818,-0.0160003413464411
0.00817666043724546,0.00482704074831591
0.0161554402222852,0.0159239033567231
0.0127390257774297,0.00943403223335859
0.0357458414883945,0.0368705358083277
-0.0122889411343514,-0.0136676387286638
-0.00154679071829872,-0.00306278953054578
0.0138357318526501,0.0106789725758543
-0.00766287274556915,0
0.00613498856751593,-0.00151860317719005
0.0151747980192352,0.0225403983194106
-0.00150715929057138,-0.00148698912157824
0.00150715929057138,0
0,0
-0.0121213605323448,-0.00447428039492109
0.0121213605323448,0.00447428039492109
-0.0151747980192352,-0.0165045006714633
-0.00153022218076765,-0.00151400483121505
-0.00460476638674828,-0.00455581653586073
-0.00927363678532916,-0.00457666702741177
0.00464756839654695,0.00305343748689035
-0.00620157026328122,-0.00611622701743614
0.00310559255815313,0.00306278953054578
-0.00622085987510246,-0.00613498856751593
0.0046692691836836,0.00153727931888648
0.00155159069141886,0.00153491971808367
-0.0347037980083194,-0.027995607489427
-0.00482704074831591,-0.00791769773678541
-0.021190686979639,-0.0208842931669208
-0.013267192944049,-0.0213297668063344
0.0149132838507177,0.0245712607305054
0.00819005397004441,0.0112631922787107
-0.01313647790537,-0.0145046862028817
-0.0251059211310763,-0.0279853654180705
-0.0274931405801987,-0.0236497508835929
0.00521287018853311,0.00511510066677046
-0.0139618323817686,-0.0136988443581619
0.00350877552967932,0.00172265331144628
0.0190812380754276,0.0153717800478539
0.0170361871525678,0.0151390612156842
0.0217218231468358,0.0181973590519077
-0.0166670524852117,-0.0198682032167252
0.00335570784697237,0.00666669135818931
0.0100000833345834,0.00331675262599385
0.00165700120762946,0.00495459312468338
0.0131580845775112,0.00983614487671314
0.0145987994211527,0.0129661459972674
-0.00322580924888266,-0.00322580924888266
-0.00485830915107632,-0.00161681522690532
0.00647251450561748,0.00645163528148868
-0.0162605208717803,-0.0162078102268534
-0.00493016610785868,-0.00655740054615905
-0.00993385652429069,-0.0149132838507177
-0.00166527931906124,-0.00334448472284721
-0.00836824967051664,-0.011794576492837
0.0232568621642673,0.0217946598274203
-0.00328947665039875,-0.00332226219197784
-0.00495459312468338,-0.00500418058457586
0.00988475923254206,0
0.00816331063916093,0.0132892321186827
0.0129242509809353,0.00821697310228087
-0.00482704074831591,-0.00492207720542831
0.0128206884290614,0.0130720815673528
0.0126583968719235,0.00808411839995898
-0.020652044552669,-0.0145987994211527
0.00799364768074551,0.00651468102119374
-0.0176711425628109,-0.0163669774642053
0.035035430472147,0.0340665545636062
-0.00627945548484315,-0.00961545869944191
-0.00473560474583423,0.00160901080570069
-0.011137744410456,-0.00807106883379166
0.0221528046411333,0.0256013982387884
0.017067908512148,0.0125590347764938
0.00307219903697015,-0.046297174408344
-0.00615386557437825,0
0.0030816665374081,-0.00163532334073074
0,0.00163532334073074
-0.00617285910708093,-0.0032733253449691
-0.0140298482104385,-0.00657897109804251
-0.0319006316667756,-0.0149628726767124
0.00161943355230298,0.00167364055802965
0.0144580831752299,0.0182275137592653
-0.0160775167275329,-0.00164338574373002
0.00967749488206537,0.00164338574373002
-0.00967749488206537,-0.00990107098271159
-0.0246115785965668,-0.0201011793210872
-0.0150630463110957,-0.0136288310556059
0,0.00171379647773473
0.00839635495290636,0.0119150345778711
-0.00502934840500202,-0.00338983375451152
-0.00168208618298482,-0.00169923575295983
0.00671143458798684,0.00169923575295983
-0.0254035676001394,-0.0205839171434872
0.0051326032265202,0.0086281812233383
0.00680274732275254,-0.00516797015844261
0.011794576492837,0.0103093696588612
0,-0.00342466088136406
0.00167364055802965,0.00342466088136406
0.00500418058457586,0.00170794234515614
0.0213999936119349,0.0152416159686172
0,0.0248975516217272
0.00649352931054831,-0.00988475923254206
-0.0245712607305054,-0.0200675630508093
-0.00498754151103908,-0.00169061747790744
0.0198026272961797,0.0134455807093511
-0.0181373479771185,-0.00670019256981957
-0.00500418058457586,-0.00505477066162408
0.00666669135818931,0.00337268447863925
-0.00666669135818931,-0.0118544995345485
0.00333890126551462,-0.00170503025108382
0.0132452267500207,0.00510639407457414
0.00164338574373002,0.0067682153461387
0,0.0100671991177239
0.00164068945745993,-0.00334448472284721
-0.00823049913651552,-0.00503779402995719
0.0452419641133348,0.0460607733765346
0.00472814119594595,-0.0716376151661843
0.00938974034983903,0.00172562596746972
-0.0364830310053651,-0.0279738520424061
0.0207841214622613,0.014084739881739
-0.0175583122133787,-0.0194180858571014
0.00321543685397441,0.00178094437099474
-0.0359515842522456,-0.0179538036165957
-0.0184723976354425,-0.0127622516138512
-0.0575572969724809,-0.0110702237542469
-0.0126469617007675,-0.00558140983819522
0.0215835716671745,0.0239642804387287
0,-0.00182315456151505
-0.00356506616449614,0
0.0106572944739879,0.012692826798419
0.00879513145282729,0.0125337361472565
-0.0230302472746992,-0.0179538036165957
-0.0217399866364059,-0.0145987994211527
0.00547946576462555,0.0109690313705739
0.00363636764338382,-0.00546947580453538
-0.042638525446653,-0.0467812145393425
-0.00379507096855158,-0.00191754612927186
-0.0172583382292808,-0.0154741965825974
-0.00387597384469296,0.00194742028439565
0.0115831410896308,0.0135267762982018
-0.0213393160349955,-0.0154741965825974
-0.00985229644301155,-0.00782782862024678
0.0254168129841232,0.0233020252028442
-0.00580834159574695,-0.00577479949388382
0.0115831410896308,0.0096062218054398
0.00191754612927186,0
0.0467812145393425,0.0430375116799823
0.0181164375053029,0.0181493185056772
0.00893660996640699,0.008952611272114
-0.0197670407407766,-0.0107527917762618
-0.0127855622969718,-0.0145193113244534
0.00914919465358799,0.00728600673093327
-0.0128324400698845,-0.0127855622969718
-0.00555043053064896,-0.00738010729762262
-0.00185701074721278,-0.00185356864932285
0.00185701074721278,0.00185356864932285
-0.00931973194880231,0.00369686188132612
0.0037383221106071,0.0110092855083694
0,-0.00548949228477147
-0.0264665731881633,-0.0185190477672376
-0.00191754612927186,0.00186741417479541
-0.00964327627180417,-0.0112571545246345
-0.0355066884569099,-0.0209731233802789
0.013958352250707,-0.00192864090640554
0.0176648361798053,0.0191210414467784
0.0287651664031343,0.0224728558520586
0,-0.00185356864932285
-0.0268215311945633,-0.0168385643628297
-0.00389105549296664,-0.0132955424812446
0.0116280379951191,0.0114069677933766
0,0.00188857468786807
0.0488819114973555,0.0460911072002671
-0.0166516335924421,-0.0108696722369039
0.00186393343806268,-0.00182315456151505
0.0383608678724463,0.0376051471783152
-0.0180836754332954,-0.0177309609712316
0.00364299127850098,0.0212397365009109
-0.0183491386681965,-0.0212397365009109
0.0147061473896956,0.0124446050480836
-0.00732604009207294,-0.00531445006349263
-0.0223057575142983,-0.0161149413924063
0,-0.00542987759436941
-0.00188146809970557,0.00362319236942032
-0.011363758650315,-0.00180995524523941
-0.0289875368732524,-0.0294138852062934
-0.027834798993444,-0.0245526970058791
-0.00606675268223733,-0.00383142231155598
0.00202634314523242,0
0.024001152099543,0.0265167051426397
0.0387645434502444,0.0166824999599361
0.00946080850422892,0.00366972888896244
-0.0151805571770159,-0.0166208812360404
-0.00575265248944978,-0.0112360732669259
0.00192123017789381,0.0130965389198456
0.0265167051426397,0.0803286261887078
0.0111525319504749,0.0119353505492727
0.0327301943086177,0.0300523450664019
-0.00538117890451684,-0.00825768523898157
-0.0144930073025668,-0.0133557911815557
0.00364299127850098,-0.00168208618298482
-0.0183491386681965,-0.0169783365344178
-0.0186921330121526,-0.0190152661134876
0.0223889948934787,0.0207261305171169
-0.0111318403688442,-0.00858374369139148
-0.00186741417479541,0.00344234419097289
0.0111525319504749,0.00514139950041859
-0.0055607186846971,-0.00514139950041859
-0.0149815536156169,-0.0103627870355466
-0.0267702410646048,-0.0228280325562009
0.0210937830597996,0.0141095815163199
0.0075614727005765,0.013913267916985
0.00375940292390575,0.0137223422551012
0.0204278226900981,0.00509771707166873
0.0145987994211527,0.0101181301655846
-0.0109290705321903,-0.0101181301655846
0.019946264182379,0.0151390612156842
0.0676754271380655,0.013267192944049
-0.00167926151971998,0
-0.00674538813953152,-0.00827134575067723
-0.00679119757800184,-0.00666669135818931
0.00848181505590928,0.0083264427765537
-0.00848181505590928,-0.00498754151103908
0.00340136382349032,0.0033277900926747
0.00169635324817841,0.00165975141836439
0.00507186209796029,0.003311261303656
0,-0.00165426009602654
0.00504626806762432,-0.00165700120762946
0.00335008688528204,0.00165700120762946
0.00167084416481755,-0.00165700120762946
-0.0117549632314436,-0.00665559861173615
-0.00338409798424055,-0.0050209310500996
0.00338409798424055,0.0050209310500996
-0.00508045123241896,-0.00334448472284721
-0.00169923575295983,-0.00503779402995719
0.0318018431608714,0.0265796378047121
0.00820349145282778,0.0032733253449691
0.00488998529419182,0.00975617494536474
-0.00325733187030647,-0.003241493924171
0.00325733187030647,0.00162206037186802
0.00162469572700191,0.00161943355230298
-0.00815000436192448,-0.00486618965117291
0.00163532334073074,0.00162469572700191
-0.0032733253449691,-0.00815000436192448
-0.0115417604401715,-0.00821697310228087
-0.0234910130755988,-0.0216855870715891
-0.0102389973010943,-0.0067682153461387
0.00342466088136406,0.00338983375451152
-0.00858374369139148,-0.00679119757800184
0.00858374369139148,0.00679119757800184
0.00341297259623996,0.00337838159162718
-0.00170503025108382,-0.00168776411371974
-0.00341880674878547,-0.00848181505590928
-0.00515022597631587,0.00340136382349032
-0.0191143960233154,-0.0171237060785915
0.00699303549097063,0.003448279278916
-0.00174367960482691,-0.00517688817953377
0.0173014696357529,0.0205486682273877
-0.013817145553142,-0.0119353505492727
-0.0193157892992916,-0.0207979766944821
-0.00177462335836853,-0.00350877552967932
-0.0161149413924063,-0.0141595286036345
-0.00542987759436941,0.00178094437099474
-0.00363636764338382,-0.00893660996640699
-0.0165293019512106,-0.0162899529792685
-0.00557104504945538,-0.0036563112031105
0,-0.00183318108166097
-0.00935460516722031,-0.0110702237542469
0.0149256502166757,0.0165597160390184
0.00738010729762262,0.00182315456151505
-0.0036832454162965,0
-0.00369686188132612,-0.00364963908754945
-0.0130477153924755,-0.014733231512984
0.00561273690495745,0.00370370793748431
0.0166516335924421,0.0128560081015341
0,0.00364299127850098
0.00366300775873707,0.00181653092639789
0,-0.00545952220489887
-0.00549955556603854,-0.00548949228477147
-0.0166824999599361,-0.0129272345014597
-0.0169655341582967,-0.0149815536156169
0.0113422766039345,0.0112571545246345
-0.0189759014590056,-0.0169336125294397
-0.011560822401076,-0.00761908447643944
0.00964327627180417,0.0095148196413386
0.00383142231155598,0.00754720563538291
0,0.00187793482420018
-0.0232118738612185,-0.0266175409999559
0.00973717527785833,0.00958780115515356
-0.0195700961940972,-0.0212158391502727
0.0253672138784231,0.0269247033705928
-0.00968061771072348,-0.0172253062818792
0.00968061771072348,0.0134230203321407
-0.0174931574475172,-0.0153553880831947
0.00586511945239809,0.00770716724493781
0,0
0.0269247033705928,0.0152383901049326
-0.0114505067879954,-0.00949674753725727
-0.00770716724493781,-0.00958780115515356
-0.0077670293376596,-0.00968061771072348
0,0.0154443224274736
-0.00979439759228762,-0.00576370471675014
0.00588814262522253,0.00192492840958447
0.00779731046003174,0
0.0019398648178266,0.00383877630716567
0.0380273955892393,0.0339015516756813
-0.0037383221106071,-0.00743497848751806
0.036768847787089,0.040224801310509
0.0143371631464072,0.0106952891167478
-0.00356506616449614,-0.00355240160436765
-0.0125787822068602,-0.0107335556431087
-0.00180995524523941,0.00359066813072861
-0.0294138852062934,-0.0309396835348295
-0.0131457292125026,-0.0111525319504749
0.00753299230754512,0.00930239266231347
0.00561273690495745,0.00369686188132612
-0.0037383221106071,-0.00740744127786175
-0.0169975763685711,-0.00933713599593988
0.0019029501460861,0.00187441479435035
0.0132202114281347,0.0167134809737406
-0.0208538362832058,-0.0185878957680909
-0.0135006872189026,-0.0285461819063615
-0.0117188841132134,-0.00193236775105399
-0.0059113472630572,-0.0077670293376596
-0.0119285708652738,-0.00979439759228762
-0.0387408283164307,-0.0381189581036099
-0.00416667269484594,0.00408163831964858
0,-0.0102355038940268
-0.0104932757158387,-0.00205973296301065
0.0021074823395647,0.00205973296301065
-0.0021074823395647,-0.00826450984989346
-0.00211193320314351,-0.0020768439448392
0.00632246573948703,0.0020768439448392
0.0145987994211527,0.0144183754242717
0.0265592730723547,0.0282276806248672
-0.00809721023261933,-0.00398406901487447
-0.0246926125903715,-0.0262906952317177
-0.00417537141048063,-0.00205128277055733
-0.004192878260036,-0.00411523214510667
0.00209863665692123,0.00205973296301065
0.0186921330121526,0.0102355038940268
0.028399474521698,0.0320668757966626
0.0059820716775475,0.00589972212718826
0.00594649918772627,0.0116960397631913
-0.0119285708652738,-0.01365874893104
0.0079681696491769,-0.00196656897204084
-0.00597016698650388,0
0.00993056820260074,0.00784317746102592
0.00787405643090588,0.0097182494689213
0.0174931574475172,0.0172583382292808
-0.00192864090640554,0
0.00577479949388382,0
0.00764822083825689,0.00568721912058956
0.00569802111463769,-0.00378788331693714
-0.028820438535492,-0.0269247033705928
-0.00979439759228762,-0.00586511945239809
0,0.00391389932113639
-0.00989127747874263,-0.0117879557520423
-0.0221114536074312,-0.0199607425625381
-0.0246926125903715,-0.0244910200082957
0,0
0.0103627870355465,0.0102775827582403
-0.00828162083172201,-0.0082135985373889
-0.0252645016594818,-0.0250535024455502
0.0190079640451767,0.0250535024455502
-0.0297261802652007,-0.0187310367060631
0.00858374369139148,0.0125262598191803
-0.00428266179200087,-0.00415801014866368
-0.0195022432314411,-0.0189280098855189
-0.0176605031519504,-0.0192932029346788
-0.0111983253100296,-0.00651468102119368
-0.0158913673366345,-0.0109530120191972
0.0136365749495455,0.0196298560448861
-0.0182237389564516,-0.0196298560448861
0.0114286958236227,0.0109530120191972
-0.00455581653586068,0.00651468102119368
0.031463269455785,0.0171678036223654
-0.0133632278121671,-0.023682484643559
0.0067039357221903,0.00217627942259557
-0.00894860557601407,-0.00873367996875463
-0.0250297480658355,-0.0221738574943221
0,-0.0181000416436179
-0.0840831172105413,-0.0734057249338512
-0.00754720563538291,0
0.0224728558520586,0.0456261608267755
-0.0250013022054173,-0.0237540860081072
-0.002534855603188,-0.00240674003056496
-0.0283159201172879,-0.0268636422695481
-0.0211089632102351,0.00985229644301144
-0.0215641779158406,-0.0123306124574786
0.00272109011436072,-0.00248447332766188
-0.00272109011436072,0.0245712607305052
-0.0445756245887046,-0.047213737480265
0.0169495583137733,0.00760459938521929
0.0139084300461321,0.00754720563538291
0.0299342078180445,0.00749067172915763
0.0264565695368305,0
0,-0.0150378773645405
-0.00261438057407082,-0.0050633019565467
0.00261438057407082,0
0,-0.025708356710207
-0.0675020027799457,-0.0398459085471997
0.0356690762067348,0.0320027310861738
0.0292185459991401,0.0284624646637616
0.00782272568120901,-0.010256500167189
0.0357180826020793,0.0600180097262528
0.0247537391529382,0.021609484332855
0.0477417628852153,0.0395860766940648
0.0023282897595911,-0.00228571528085597
0.0161479864079821,0.00228571528085597
-0.0540672212702759,-0.0491326885776447
0.0262231950991025,0.021353124470569
-0.0238106486937186,-0.021353124470569
0.00720291229405801,0.00478469812333626
0.0118907465215217,0.0165684263472328
-0.0142859572474765,-0.0118065125869891
-0.0193710657559997,-0.0167668598570671
0.00244200365555169,0.00481928643594887
0.00729043326267931,0.00718565966087448
0.00241838086428159,0.00238379135527633
0.0309180394033102,0.0304830167250758
0.0322608622182216,0.00919546709310037
0.00902940671939423,0.0203857569244739
-0.0158553717897941,-0.0135442251077572
-0.0161108202726984,-0.0114286958236227
-0.0187359110574699,-0.0232568621642673
-0.0118907465215217,0.0704036405899693
0.0979166104718924,0.015234244571848
0,-0.00650056460309334
-0.00871465210244382,-0.00873367996875463
-0.0356385154473587,-0.031182927436688
0.0157483569681391,0.0112487125358708
-0.0386851423112374,-0.0295140605131641
-0.00465117117573077,-0.00693644399665705
0.0023282897595911,0.00231749814036253
-0.0355066884569099,-0.0377403279828471
0.00480770156810317,0.00718565966087448
0,0
0.0260369737829954,0.0282371701816101
0.00466201310581127,0.00231749814036253
0.0138570346614263,0.00921665510492409
-0.00921665510492409,-0.00690451534654457
0.02964869392213,0.0318208666110791
-0.0135748690910689,-0.0135137191667228
-0.00228050269872526,-0.00454546237167464
0.0158553717897941,0.0423697710390136
-0.00450451212110459,-0.00218579321998025
-0.00907035696996428,-0.00219058137981865
-0.0091533819864873,-0.0110254700117077
-0.0350913198112701,-0.0292484291262323
0.0118344576470029,0.00228050269872526
-0.00235571369245913,0.00907035696996428
-0.00236127618567983,-0.00679504313282886
0.0325610160493123,0.0202481608299475
-0.00458716400690606,0
0.0272125635248848,0.0263751552543943
0.0155386034277791,0.0107875911289973
-0.0133039656263628,-0.0129591446425051
-0.00223463780141631,-0.00217627942259557
0.0177388243373816,0.0151354240651007
0.0043859719432543,0.0064171343206334
-0.0043859719432543,-0.0064171343206334
0,0.00214362354325148
-0.0044052934679164,-0.00429185208154104
-0.0732592918006527,-0.0712996775848665
0.0395860766940648,0.0250868344297349
0.00228050269872526,0.00896866998276047
-0.00685716972613704,0.0286048105816634
0.106506647588449,0.0751919830999801
0,-0.00605450890870618
0.0082135985373889,0.00404040953700491
-0.0102775827582403,-0.0162605208717803
-0.00829880281469508,-0.006166514915664
0.0103627870355465,0.0122952368570375
-0.012448293526568,-0.0102355038940268
0.00831605624165754,0.00410678195265335
0.0204925203901174,0.0182746202434816
0.0160969270421747,0.01398624197474
-0.0120483385161745,-0.00597016698650388
-0.02661364851809,-0.0262906952317177
0,0
0.00826450984989346,0.00816331063916098
0.0363676441708749,0.0339693000582146
0.00987174847915406,0.00977524890464243
-0.017839918128331,-0.013712261863982
-0.0366639843715915,-0.0423023796906894
0.0123712918025468,0.0122700925918143
0.0202846711715058,0.0260797127830518
-0.0100909029819628,-0.0179825025504324
-0.00814668456781809,-0.00201816415623712
0.00611622701743608,0.0040322635279384
0.00607904607638221,0.00801607498823609
0.0180185055026784,0.0197634891188396
-0.0240975515790606,-0.0137933221323358
-0.0020345886977875,-0.01398624197474
0.0161619679569981,0.0159684031787312
0.0178753518269632,0.0176648361798053
-0.00592301830312203,-0.00389864041565735
-0.0159684031787312,-0.0137661957641479
0.0199209774945545,0.0157174158954096
0.0175957618903796,0.0154741965825974
0.00964327627180417,0.00955117098434299
-0.00770716724493781,-0.00763362485507113
-0.00387597384469296,-0.00769234562315568
-0.00779731046003174,-0.00193236775105399
-0.00392157365318169,-0.00387597384469296
0.01365874893104,0.0135006872189026
0.0305367238600817,0.0208538362832058
0.0130720815673528,0.00933713599593988
-0.00744882401299063,-0.00186046565291975
-0.00750472565406779,-0.00935460516722031
-0.00946080850422892,-0.00565505748334494
-0.0289316225340055,-0.0287651664031343
0.00779731046003174,0.00775197680431794
-0.00389105549296664,-0.00386847677792035
-0.00390625496706509,-0.0019398648178266
0.00779731046003174,0.00773698250215249
0.0019398648178266,0.00576370471675014
0.0361599814144439,0.0320479830263585
-0.00938974034983908,-0.00744882401299063
0.0333982804018481,0.0312812993810888
-0.00916596701408012,-0.00909924385511418
-0.0111112254250708,-0.0165902422601968
-0.0112360732669259,-0.00372439909098243
0.0168071183163813,0.0166516335924421
-0.00930239266231347,-0.00921665510492409
-0.0207750625749644,-0.0186921330121526
0.0170297398448024,0.0186921330121526
-0.0266175409999559,-0.0262679268206102
0.0133973295718213,0.00757579380845763
0.0113422766039345,0.0149815536156169
0,0.00185701074721278
-0.0170620252767215,-0.0168385643628297
-0.0154145634011867,-0.0171269647928006
0.0115831410896308,0.0133462419528946
0.0171269647928006,0.018762276455523
0.0131210879626972,0.00925075977215106
0.00371747640013254,0.00367647472930865
0.00739374902493828,0.00731264684628652
-0.00184331849428931,-0.00182315456151505
-0.0167445772738016,-0.0147061473896956
0.00747667034302013,0.00554018037561543
0.00186046565291975,0.00183992692200718
0.0202398813477462,0.0145987994211527
0.00725956001280414,0.00901719365018872
0.0143629040003616,0.0142604912191567
0.0124005131984548,0.0123132602333569
0.01398624197474,0.0121634861931974
-0.00696866931609341,-0.00693243677564481
0.0326770260263004,0.0325092785652945
0.0167789171291094,0.0100503358535015
0.00828505153410686,-0.00166805710069706
0.00657897109804251,0.00831259981936561
-0.00493016610785868,-0.0049792633996073
-0.0318018431608714,-0.0321244868037698
0.00169923575295983,0.00343053509678926
0.0067682153461387,0.0136056520557786
-0.0067682153461387,-0.0153194485335133
-0.0188523149792093,-0.0173014696357529
-0.0370086287450933,-0.037337670437644
-0.00540055318000021,-0.00727275932907978
0,0.00182315456151505
0.0267157473790469,0.0287272896369102
-0.00175901540517964,0
-0.0395024429762461,-0.0415597297067947
-0.0526437334854221,-0.0510991007759101
-0.0155645165411117,-0.00389105549296664
-0.00589972212718826,-0.0117648415795863
-0.0239532410224929,-0.0219350768662557
0.0120483385161745,0.0120241929668018
0.029500664396698,0.0255667809720069
-0.0215483362062029,-0.00779731046003174
0.0039525743158233,-0.00588814262522253
-0.0280018295484931,-0.0483965408618502
-0.0040650462481695,-0.002068253064059
-0.00203873668984833,0
0.00203873668984833,-0.00623054975063608
0.00811363477416971,0.00829880281469508
-0.0224728558520586,-0.0187701026819905
-0.0166670524852117,-0.00845671001822346
-0.0606246218164348,-0.0478352062741634
-0.0180185055026784,-0.0270896926466642
0.0135442251077572,0.0113766869821079
0.0067039357221903,0.0112487125358708
0.0285420033394845,0.0286678948695719
-0.0218827112495077,-0.0197591499804624
0.00881062968215496,0.00442478598035567
0.015234244571848,0.0153343640001067
-0.00650056460309334,-0.00435730536895573
-0.0376567194380051,-0.0332994140690493
-0.0159275266961013,-0.0159275266961013
0.0159275266961013,0.0204320388172059
0.0354804400154095,0.0331522073169005
0.00867684402568891,0.0129591446425051
-0.00867684402568891,0.00214362354325148
-0.00436681916634041,-0.00860220358266328
-0.0043859719432543,-0.0108578699720491
0.0238882151746954,0.0258635105899192
0.0212322201057741,0.0105821093305369
-0.00632246573948703,-0.00845671001822346
0.0229895182246987,0.00845671001822346
-0.0103843093057165,-0.00845671001822346
0.0165635256716746,0.0126583968719235
0.0102145934097183,-0.00209863665692123
0.0221114536074312,0.0187310367060631
0.0118578464507835,0.006166514915664
-0.0360038887560021,-0.0165293019512105
0.0496626376870422,0.0408219945202551
0,-0.00200200267067308
0.0565122102633424,0.0507921668401051
0.00911583340800937,0
0.061584980424098,0.0410505398303574
0.00170503025108382,0
0.0351500621380706,0.0688709871550313
-0.0627856723101568,-0.0259305799210023
0.0276356101720862,0.0462015442946215
-0.020654779030746,-0.00502934840500202
-0.0140107370695984,-0.00843886864586463
-0.00707967558806166,-0.00851068966790869
-0.0698813655480665,-0.0330177690286735
0.0019029501460861,0.0261566786487283
0.0132202114281347,-0.0279250257054703
0.0222643704973996,0.0210165353616586
0.00548949228477147,0.00173160216427792
0.0162899529792685,0.00172860890061777
-0.0108304307743696,-0.00519481687710399
-0.0773240834345431,-0.033542420768607
-0.0379665979238508,-0.00179694567670174
-0.00612872194137348,-0.0108500160240658
-0.0418471099355003,-0.00729930248161148
-0.00643089033029043,0.0127390257774297
0.0275733269040996,0.0072072384049493
0.00208986491945917,0.00537154380191085
-0.0339735433246811,-0.0107720969819111
0.0318836784052219,0.0178895647507749
-0.0318836784052219,-0.0379449315641233
-0.0998561341640964,-0.07057265064647
0,-0.024001152099543
0.0602033622441026,0.0220229120874373
0,0.0039525743158233
0.0309759278943049,0.0233928795747055
0.034264593974096,0.0152966653754737
-0.040821994520255,-0.0308309583376579
0.0387145121806903,0
0.0104932757158387,0.0308309583376579
-0.0296631918235588,-0.0230336478776262
0.00643089033029043,0.0019398648178266
-0.00213903824874939,-0.00388350002639759
0.0148780640261791,0.00388350002639759
0.00421053253634351,0.0134746985833601
-0.00843886864586463,-0.00575265248944978
-0.00424629088145112,-0.00192492840958447
0.0334759291963895,0.0284919557943063
0.0343815461992455,0.0130234398862866
0.00594649918772627,0.0164989993800351
0.0176302313762706,0.0162311949285826
-0.0315608049122175,-0.0570531894488377
0,0.0112995552539334
0.00200200267067308,0.0203899557030492
-0.00200200267067308,-0.0129272345014597
0.00200200267067308,0.00185701074721278
0.00399202126953746,-0.00371747640013254
0.00595830958363064,0.0147877001543795
0.00592301830312203,0.00731264684628652
0.00588814262522253,0.00181983671698593
0.0346188416545951,0.0339621558998142
0.0352868550897162,0.0156934345460465
0.0180836754332954,0.0289875368732523
-0.0590577496436011,-0.0238106486937185
-0.0153259704782268,-0.0121213605323448
-0.0293850721597438,-0.0175751448215076
0.0216330953554259,0.0210534091978324
-0.0256171643703004,-0.00522194398115172
0.00993056820260074,0.00174367960482691
-0.0199607425625381,-0.02290849079687
-0.00606675268223733,0.00178094437099474
0.0417140914124751,0.0280720187786863
-0.00194742028439565,-0.0174524499512262
-0.0117648415795863,-0.0141846349919562
0.019531870917246,0.0246926125903714
-0.0097182494689213,-0.00174367960482691
-0.0137661957641479,-0.00524935588614373
-0.0200006667066696,-0.0159154553058993
-0.010152371464018,-0.00536194314138538
0,-0.00359066813072861
0.00203873668984833,0
0.0161619679569981,0.0107335556431087
-0.00401606965488999,0
0.0375167393849341,0.029800627679304
0.0153849188394795,0.0154244703256317
0.0113853222251253,0.00508906950747134
0.00938974034983908,0.0117747365445335
-0.0265167051426397,-0.0236897711224047
0.00955117098434299,0.00682596507039979
0.00946080850422892,0.00339558900113823
-0.0247867789824557,-0.0240148762038739
-0.0254168129841232,-0.0157483569681393
-0.0260797127830518,-0.0195910094771695
-0.00407332538763583,0.00538117890451684
0.010152371464018,0.0053523767385919
0.00804833318282838,0.0106195688274601
-0.00804833318282838,-0.0177624563398402
-0.0307716586667537,-0.0254097155253683
-0.040388060905288,-0.0355509842643189
0.0235809425889068,0.0244602975701607
-0.0301098014713703,-0.018762276455523
0.0406473067741562,0.0224728558520586
0.051083628803388,0.0165293019512106
0.00991088389945394,0.00906624523775323
0.0233928795747055,0.0143371631464072
0.00767758089903425,0
0.0095148196413386,0.029800627679304
-0.0095148196413386,-0.00693243677564481
0.00571974867278702,0.00520382787502705
0.00757579380845763,0.0137459209046351
-0.0113853222251253,0.00170503025108382
0.0226424767497598,0.02190483538805
0.0129751588631335,0.0115991358433519
-0.0587846948944277,-0.0199673855138686
0.0715936531870088,-0.0359320092260633
0.0357180826020791,0.0206903932574461
0.0310905870700311,0.0319086684538289
0.0135137191667228,0.0196405658745464
0,-0.0065040879691764
0.00335008688528204,-0.00163265342388536
0.0083264427765537,0.00651468102119374
0.003311261303656,-0.00325203538637731
-0.0166670524852117,-0.0164207302123276
0.0232568621642673,0.0261452801043224
0.0211218250292824,0.0270501775330261
0.0127797266463989,-0.00788026142530596
0.00158604315563476,0
-0.00158604315563476,0
-0.0160003413464411,-0.015949301407678
0.00803217169726422,0.0111911639612611
0.0047885167317972,0.0047581374464169
0.0282593373144032,0.0280829687428254
0.00617285910708093,0.00460476638674828
0.00613498856751593,-0.0169888255864699
0.00305343748689035,-0.00781864811779781
-0.0215724852541279,-0.0174192844720649
0.0154562582366918,0.0158481922400237
0.00306278953054578,0.00626961301359541
0.00457666702741177,0.00312012733624362
-0.0246545615639405,-0.0252379325898627
-0.00625980134850668,0.0111200510440777
-0.00788026142530596,0
0.00788026142530596,0.00629923342798716
0.0171210407801113,0.0186630611319266
0.0168328381502326,0.0213422734817725
0.0120665114131165,0.00751318335078327
-0.0030030052597696,-0.00450113288079163
-0.00452148471884595,-0.00301205046999165
0,0.00301205046999165
-0.00302572091653697,-0.00452148471884595
-0.0260951107828519,-0.0198328392329182
0.0154324050388117,0.0137722146212272
-0.0263785659363089,-0.0261754744046472
-0.0142520227072015,-0.0094044580279784
-0.0160775167275329,-0.00790517950711328
-0.0146941419392208,-0.0521290654349467
0.0211561999673118,0.0182275137592653
0.00801928916661976,0.0146701897477938
0.0111200510440777,-0.00649352931054831
-0.00316455960296308,0.00649352931054831
-0.0159747806077344,-0.0163135754915238
-0.0162341227618835,0
0.0130083135130008,0.00655740054615905
-0.00648300487807824,-0.00491401480242903
0.00648300487807824,0.0179012103292402
0.00322580924888266,-0.00161420535454115
-0.0113361537863363,-0.00648300487807824
-0.0264041741965108,-0.0197050710793324
0,0.00825768523898157
-0.047954393122036,-0.0351500621380706
0.00175284882741444,-0.00683763347760402
-0.0356544005030957,-0.0225508255218966
-0.014625489218979,-0.00527705710084381
0.0236589743166469,0.0122700925918144
0.0248680665780133,0.0376112707457833
-0.0123567326889055,-0.0101181301655846
-0.00534284441049526,0.00338409798424055
-0.0107720969819111,-0.0845573880280629
-0.00542987759436941,0.00549955556603854
-0.0313389701927196,-0.0165902422601968
0.0167134809737406,0.0165902422601968
-0.0111112254250708,-0.00918280098233504
-0.00186393343806268,0.0146522767868704
-0.0341589188113189,-0.0109690313705739
0.00192864090640554,0.00183654780730147
-0.0273454538905288,-0.00921665510492409
-0.0179825025504324,-0.00743497848751806
-0.0307086566191663,-0.0169336125294397
0,-0.00953296065872355
-0.00416667269484594,-0.00191754612927186
0.0247435303836054,0.0227713824124777
-0.0122952368570375,-0.0170297398448024
0.006166514915664,0.00949674753725727
0.0182746202434816,0.0150096626505652
0.00401606965488999,0.00186046565291975
0.00599402394021054,0.0055607186846971
0.00397614837963944,0.00552996800946115
0.0176995770994008,0
-0.0117648415795863,-0.00923367594694546
0.00589972212718826,0.00185356864932285
0.00586511945239809,0.00185013928816147
0.0077670293376596,0.00552996800946115
0,0.00732604009207294
0.0210534091978324,0.0162899529792685
0.00566573753567734,0
0.0186572576045427,-0.00901719365018872
-0.0130234398862866,-0.00727275932907978
-0.015094626222485,-0.0165597160390184
0.00757579380845763,0.00739374902493828
0,-0.00184331849428931
0.0149815536156169,0.00551979322359797
0.0238762489911301,0.00183318108166097
-0.00181653092639789,0.0127390257774297
0.0108500160240658,0.0107914716327644
-0.00180018050414776,0.00178731057409576
-0.00723330459352012,-0.00716848947861259
0.00723330459352012,-0.00180018050414776
0.0071813594086646,0.0178576174000062
-0.0089847864078153,-0.00354610300675062
0.0196610443991569,-0.0361703082057547
0.0175443096509095,0.0343925299597556
-0.0228681909036592,-0.0161438483713563
-0.0053523767385919,-0.0127390257774297
0.00357143236759716,0.0036563112031105
-0.00715566559541225,0.00182315456151505
0.0160288382758987,0.0144667984177534
-0.00887317268048649,-0.0072072384049493
0.0350298513292148,0.0267634171988164
-0.00172265331144628,-0.00352734051796832
0.02385121582218,0.0192481883049166
-0.010152371464018,-0.00870327512830171
-0.0223569071012765,-0.014084739881739
-0.0282205676422511,-0.0269558099885281
-0.0327301943086177,-0.0258316946135241
0,0.00930239266231347
-0.0167757895048372,-0.00371057939653563
0.00375234961855053,0.0147604155831207
0.0185534078957478,0.0271019297777912
0.0127855622969718,0.0281213609854031
-0.00728600673093327,-0.088745982801838
-0.0353525187157198,-0.0171924005403729
-0.0327266935025571,-0.0233928795747055
-0.0440071007288324,-0.0361485141163111
-0.0144183754242717,0.00611622701743608
0.0185000137439203,0.0201214031994211
-0.0122952368570375,0.00199005040801004
0.0324572101473817,0.0039682591756206
-0.028341978002275,-0.0119523335238412
0.0203259030140389,0.00798407434822057
0.0020100509280242,0.0079208334914439
-0.0141559492301323,-0.0079208334914439
-0.0185000137439203,-0.00798407434822057
-0.027341345604321,-0.0100705785635962
-0.00213447252863253,0.00605450890870618
-0.00213903824874939,0.0020100509280242
-0.00429185208154104,0.00200601872686579
-0.00431035150112224,-0.00401606965488999
0.0128757143600452,0.00601807232556306
0,0.00199800266267303
0.0148150857851407,0.0119049025063184
0.00209863665692123,0.00197044398729873
-0.0211872332194438,-0.00394477829101636
0.0398793662315964,0.0215062052209636
-0.00205973296301065,-0.00387597384469296
0.00205973296301065,-0.00975617494536474
0.0143005501421963,0.001958864485333
0.00404858852600021,0.00585367525146074
-0.00607904607638221,-0.00585367525146074
-0.0122700925918143,-0.00785858661252126
-0.0250013022054173,-0.0079208334914439
0.0125787822068602,0.00198609797162941
-0.00836824967051664,0.0157483569681391
0.0207907696690738,0.00778214044205494
0.0403280453869718,0.0229895182246987
0.00787405643090588,0.00189214815203798
0.0194180858571017,0.00377358938363936
0.0321692829333916,0.0186572576045427
0.022100347000666,0.0255488348999531
0.0216224640131657,0.0125337361472565
-0.00715566559541225,0.0228681909036592
0,-0.00174064447778399
-0.02177944526404,-0.0797523897733988
0.0109490144896703,0.0112571545246345
-0.00728600673093327,0.00743497848751806
0.00546947580453538,-0.00185356864932285
-0.0128089582925811,0.00370370793748431
0.00183992692200718,0.0110295235754997
-0.0110906866941582,0
0.00371057939653563,0.0163194918286012
-0.0168071183163813,0.0353393664453088
0.00750472565406779,0.00519481687710399
0.0111525319504749,0.0289381894923545
0.00736651581676262,0.0050209310500996
-0.0297973628049447,-0.0100671991177239
-0.0287651664031343,-0.0256205303253479
-0.0236231457634359,-0.0156934345460465
0.00991088389945394,0.0122272265695603
0.0310704604737397,0.0189171591322052
0.0282770960968616,0.0268923768990891
-0.0130965389198456,-0.0167227977294601
-0.00946080850422892,-0.0067682153461387
0.015094626222485,0.00338983375451152
-0.00187441479435035,-0.00679119757800184
0.0185878957680909,0.0118544995345485
0.014625489218979,0.0183491386681965
0.0144146640021847,0
-0.0401513786462345,-0.0302036382027451
-0.0169018108026032,-0.00855437209665855
-0.0726521559117409,-0.0675212008754951
-0.0415860337781029,-0.0241872256140039
0.027226812700214,0.0149535496670584
-0.0103843093057165,-0.0111941467431527
0.0409054983406035,0.0313968540606721
0.00599402394021054,0.0036297680505788
0.0138478968587935,0.0036166404701885
-0.0218479395258698,-0.00906624523775323
-0.0368139731227163,-0.022100347000666
0.022658023892584,0.0092679069307815
-0.0331293237598794,-0.0280654528982839
0.0208340869028419,0.00567645800480521
-0.00413223728491041,-0.00947874395454373
0.0164274741419479,0.0169975763685711
0.0221559918972086,0.0130234398862866
0.00397614837963944,-0.0186572576045427
0.0137933221323358,0.0112360732669259
-0.0542846834870727,-0.0302480527554978
0.0163938097756764,0.00574164256767529
-0.0020345886977875,-0.00382409643840342
0.0040650462481695,0.00382409643840342
0.0100909029819628,0.00949674753725727
0.00200601872686579,0.00188857468786807
0.0450614921311201,0.038857802606747
-0.00383877630716567,0.00181323712418091
0.0114724011622368,0.0036166404701885
0.00379507096855158,0.00719427563402708
0.0353525187157198,0.0334833041267885
0.03767261629917,0.0307191390375302
0.02262933813076,0.00836824967051664
-0.0208703227255803,-0.02190483538805
0.019147669414134,0.0185659341225354
0.00858374369139148,0.0083264427765537
-0.012037978559479,-0.0133557911815557
0,-0.00168208618298482
-0.00346620797648622,0.00671143458798684
-0.0192819295494503,-0.0185659341225354
0.001768347056742,0.00679119757800184
0.00352734051796832,0.0117747365445335
-0.0141846349919562,-0.0100841190666261
-0.00716848947861259,-0.00677968698537879
-0.00360360750329847,0.00846745109909852
0.0354647095722824,0.0216855870715891
-0.0034904049397686,0.0163669774642053
0.0190481949706945,0.0145046862028817
0.00853976154813452,0.00637960696403905
0.0235304974101942,0.0220134675371789
0.00991743665734596,0.0138998376890336
-0.0232955626035221,-0.0123458358222993
-0.00845313571105821,-0.00623054975063608
0.0251480142832282,0.0231670592815344
0.0309723208526383,0.0226424767497598
-0.0145515906403107,-0.0105027221991493
-0.013114942077828,-0.009090971701252
-0.0352681388374581,-0.0199852923802569
0.033616610798985,0.00773399059973634
0.0468204964063845,0.0168071183163813
0.0341118345068632,0.0313224711290412
-0.004583659667658,-0.00589103323723739
0.0257005831085807,0.0161175650210685
0.0177519454584504,0.0158619043004666
0.0102116131701963,0.00854706057845844
0.0426200867073881,0.0348467313301682
0.0233687610078296,0.0176515105753223
-0.0303471563892919,-0.0286709058249329
-0.0112677248463423,-0.0069492982932059
-0.0478699078485141,-0.0311639950348283
-0.0240613111601173,-0.0203495394152796
-0.026215842130893,-0.0252801566730785
0.0170414658548517,0.016430541396096
0.0376834338343949,0.0392207131532812
0.0504793537602767,0.0418471099355005
0.00840341079637946,0.0122201113347753
0.0207046733616912,0.0200407508834461
0.0202846711715057,0.0157483569681392
-0.00402415029972542,0.00260078170005734
-0.0681291892682998,-0.0615991224620132
-0.0247645576243964,-0.0715612814734092
0.0218827112495075,0.0147278067102434
0.0270479122220726,0.0216928246112597
-0.0169975763685711,-0.0144094712201517
-0.0114943794257351,-0.0014524330803149
-0.004344684604011,-0.00583092031079308
-0.0190481949706943,-0.0176995770994009
0.0117648415795863,0.0191604977390757
0.00873367996875446,0.00872098550544442
-0.0131292914417925,-0.0101819061451193
-0.0192741326128666,-0.0176995770994009
-0.0697416547491926,-0.0456700368331884
-0.0161815828512418,-0.0188684843043828
0.0462233677537498,0.0465200156348929
-0.0252379325898627,-0.0152674721307884
-0.0112450984155024,-0.0108276386520634
0.00322580924888266,0
0.00642056780292272,0.00620157026328122
-0.0275767677702345,-0.0234569003540432
-0.0132452267500207,-0.0127390257774297
-0.042559614418796,-0.0408887702539784
-0.00174064447778399,-0.0134455807093511
-0.00524018666355619,-0.00169348050633311
0.034426807750088,0.0284062541597332
-0.0291866210865318,-0.0216494716968534
0.0291866210865318,0.0133781259461762
0.00674538813953152,0.011560822401076
0.00502934840500202,0.00817666043724546
-0.00839635495290636,-0.00982004618097548
-0.0204436421458142,-0.0182577685735649
-0.0103807160545608,-0.0134909297410154
0.0103807160545608,0.010135221894043
0.0288399970987205,0.0281708769666963
-0.0151645702990451,-0.016474837203505
-0.0433719321535279,-0.0372293417683561
0.014084739881739,0.0119967162876314
-0.00174978172378759,0
-0.00879513145282729,-0.00855437209665855
-0.0124446050480836,-0.0121004069340874
0.0142098305726527,0.0155309420308767
0.0209431738452432,0.0169783365344178
0.0154244703256317,0.0100503358535015
0.0251902488285586,0.0246926125903715
-0.0100000833345834,-0.00980400009662086
0.024815169119724,0.0259333820265045
-0.0115038244814846,-0.0128826258310137
-0.00165426009602654,0.00161943355230298
0.0229142595228759,0.0208174050835224
0.0271365414350009,0.0234936412413888
0.00157356444743051,-0.00933132742888432
0.0279087881170766,0.0246926125903715
-0.00613498856751593,-0.00765114673551981
-0.0202027073175194,-0.0186051878310345
-0.00788026142530596,0
-0.0191699161077202,-0.0237540860081071
0.00161160389434151,0.00638979809877099
0.00481928643594892,0.00476569607301447
-0.0194180858571016,-0.019200589856617
-0.0115038244814846,-0.00323624877920831
-0.0251059211310763,-0.0246115785965668
-0.00339558900113823,0.00497101272202038
0.010152371464018,0.0115038244814846
0.0083822787528044,0.00975617494536474
0.0165566695944477,-0.00649352931054831
0.0179012103292402,0.0113361537863363
-0.0179012103292402,-0.0129661459972674
-0.00164338574373002,-0.00163265342388536
0.00819005397004441,0.0129871955268112
0.00812352152147938,0.00482704074831591
-0.00975617494536474,-0.00644124610285707
0.00163265342388536,0.0160259840158444
0.00325733187030647,0.00317460584077262
-0.00980400009662086,-0.00955421280481167
-0.00990107098271159,-0.00803217169726422
0.0245712607305054,0.0223294763980887
0.033415996919844,0.0295281748392052
-0.0317991816929387,-0.0201089529227135
-0.0195764816250978,-0.0141623138125044
0.00820349145282778,0.0125985918363217
-0.0148150857851406,-0.0110150602306774
-0.0217946598274203,-0.0256424306133377
-0.00851068966790869,-0.00651468102119374
0.00341297259623996,0.0178142362751271
0.0384341373392606,0.0222231367847102
-0.0132015118585359,-0.0142294891039647
0.00991743665734596,0.00317965291737971
0.0211561999673118,0
0.0270072014113111,0.0219789067187753
0.0155524130074848,0.0138784031720774
-0.0202656974595831,-0.018547672355761
0.0125197253449277,0.0124032597834199
0.0154324050388117,0.0152908177984173
0,0
-0.0201089529227135,-0.0199240307199054
-0.0317486983145803,-0.0266682470821614
-0.00161420535454115,-0.00318471606751985
0,0.00635932190829247
-0.0345145187339644,-0.0289409266050017
-0.00167364055802965,-0.0032679767646161
-0.0168922935645057,-0.0165020246363877
0.0514636376295944,0.0439452319329911
0.00323102058144648,0.00476569607301447
-0.00647251450561748,-0.00158604315563476
0.0303780353591719,0.0250796843970235
-0.0303780353591719,-0.0298529631496812
0.003241493924171,0.001593625835278
-0.00812352152147938,-0.00638979809877099
0.0209854351638871,0.0206192872027357
-0.00480385231264535,-0.00157109223204122
0.0424258441022297,0.0415764268457404
0.00153727931888648,0.00301205046999165
-0.0139213385186081,-0.0136262517117651
-0.0284379353205335,-0.0325357900513975
0.031548357734926,0.0310102367425603
0.0335909444360356,0.0330360372770231
-0.00904983551991795,-0.00890213594059319
-0.0260951107828519,-0.0241339013364299
0.0169626272195794,0.0151518050206022
0.0181823190831905,0.020834086902842
0.00299850299625659,0
0.0133830993756293,0.0175186962089736
-0.0133830993756293,-0.0131101659242076
0.0192741326128666,0.0145562977742073
0.00877198607283697,0.0129219314169206
0,0.0028490047760748
-0.0176216013498195,-0.0172170680429951
0.0117821686982603,0.0129405112757348
-0.0510621428667001,-0.0497906645030154
0.0030769255044793,-0.0289433760394886
0.0182653479772932,0.00462606838878221
-0.0015094342488543,-0.00617285910708093
-0.00151171608532191,-0.0156009404424797
0.00903620606393746,0.00313972000466772
0.0237048136551664,0.0232388459316412
-0.00293255342127768,-0.00460476638674828
0.011678964864146,0.0122325684356344
0.0314311587895824,0.0372899282454729
0.0372713947972316,0.00874641144286836
-0.0414997309067528,-0.02945721088543
-0.0359492341229296,-0.0165791288029113
0.0159771009360143,0.0240251795869899
-0.0307266308620766,-0.0301227594551083
0.0234959413689306,0.0241703609278131
0.0144094712201517,0.0118695755553838
0.00712761392423217,0.00294551022975681
0.0238607811269067,0.0145987994211526
0.00138600160787716,0.00578036291549944
0.0433672291151299,-0.018909654357292
-0.0364658904744367,0.0145775176181573
-0.0166439348395118,-0.0131101659242076
0.0221309170557709,0.0217557529170616
-0.0333827938532057,0.00143369200184862
-0.0214447102789032,-0.0129778317487139
-0.0595413936910165,-0.02945721088543
-0.027995607489427,-0.0505854967881064
0.0218417419150488,0.0171477311607784
0.0137933221323358,0.0349314178841112
0.0358782876649019,0.0366341331797803
-0.00294117859081627,0.00430725719758035
0.020408871631207,0.0198588086496033
0,0
-0.0116111609276778,-0.0141445073861647
-0.0191604977390757,-0.0186921330121526
0.00741293238912544,0.0101083893207611
0.00294985464642111,-0.00143781476962751
0.00294117859081627,0.00287356519573173
-0.00589103323723739,-0.00143575042610422
0.0161175650210685,0.0156810055621531
0.0101230076314485,0.00564176390666815
-0.00577202179712227,-0.00564176390666815
0.0271251462676912,0.025140988958102
-0.00706716722309242,-0.00553251756972567
-0.00284091100160377,0.00138600160787716
-0.0244792640847795,-0.0238273360805576
-0.00584796988242314,-0.00141944665422628
-0.0373456393588517,-0.0332160500085299
-0.0137933221323358,-0.0162845937645006
0.0198631434994116,0.0279635586286467
0.00302115033417621,-0.00290697879130908
-0.00757005886054529,-0.00877198607283697
-0.0137722146212272,-0.0133039656263628
0.0122513017805205,0.00297177038915747
0.0166041550520353,0.0117995469311551
0.0104245173358841,0.00292825977908834
-0.00892863074430134,-0.0088106296821549
-0.00299401421260476,-0.00295421189743145
-0.0120665114131165,-0.00891536365795237
0.0180456024691746,0.0177519454584504
0.0264721340419766,0.0231894449189102
-0.0309530974770127,-0.018800264500147
0.00597016698650382,-0.00146092063967485
-0.00447428039492109,-0.00146305805176039
-0.018100041643618,-0.0117821686982603
-0.0356350640473846,-0.0331355615960988
-0.0320540262900835,-0.034271266735218
0.00487409575824532,0.00631913635147852
0.0112813444640399,0.00784317746102592
-0.0145281005629098,-0.017336919653277
0.00486618965117291,0.0047581374464169
0.0176427992427498,0.017255330090762
0,-0.0015564205476582
0.00633916544373569,0.00775799081093942
-0.0337381396318502,-0.0298061280327019
-0.00655740054615905,-0.0160517090105079
-0.0317486983145803,-0.0262310121488697
0.0366707755200086,0.0326826474303584
-0.00163800200423836,0.00160642604827371
0.00490597876885446,0.00640002184546751
-0.0197700014010038,-0.0160775167275329
-0.0100335289895779,0.00161943355230298
0.0183185805236847,0.0176427992427498
0.00657897109804251,0.00633916544373569
0.00978800636616284,0.0187798946515963
0.0224728558520586,0.018433701688838
-0.0160003413464411,-0.0199852923802569
-0.0195445960729703,-0.00779427172681885
0.00819005397004441,0.0108950494050671
-0.00654666822631439,-0.0062112000926407
0.0146701897477938,0.024616627635356
-0.00649352931054831,-0.00762780204888613
0.019355442952956,0.0331355615960988
0.00795549144111463,0.00738010729762256
-0.00635932190829247,-0.00589972212718826
-0.0031948908965192,0
-0.030871663667087,-0.01640603538711
0,0
-0.0149628726767124,-0.0258963443035795
-0.0134909297410154,-0.00309119256967283
0.0317486983145803,-0.0140298482104385
-0.00825768523898157,-0.0158231149392427
-0.0354467489957476,-0.0340665545636062
-0.0086281812233383,0.00493828164058258
-0.00695654979336002,-0.00658980967905559
0,0.00330033302865684
0.0207261305171169,0.00820349145282778
-0.00858374369139148,-0.00820349145282778
0.00687287928776215,0.00656816811209704
-0.00171379647773473,-0.00327869146169829
0.0136288310556059,0.0179012103292402
-0.00169348050633311,-0.00161420535454115
-0.0257524961024147,-0.0245310747497812
0.00520382787502705,0.00495459312468338
0.012037978559479,0.0130934767470196
0.0203052661607457,0.0209178986616808
-0.0185973238155895,-0.0160517090105079
-0.00856903272510134,-0.00161943355230298
0.0238106486937185,0.0176711425628109
-0.010135221894043,-0.0047885167317972
0.0185034715645597,-0.00320513094894831
0.00829880281469508,0.0175024356497728
0.00823049913651552,0.00785549994030887
0.00816331063916093,-0.0205540832774363
-0.0381156329225122,-0.0341219130692571
-0.00848181505590928,0
-0.0137223422551012,-0.003311261303656
0.00859850525523187,0.00990107098271159
0.046831299684099,0.0259333820265045
0.00813674139306175,0.00637960696403905
0.0208507954801906,0.025119060095332
0.00632913505164756,0.00464037955650221
-0.0111024138043053,-0.00619197024792106
-0.00640002184546751,-0.00623054975063608
0.0269216575662644,0.0292553581487897
-0.0141623138125044,-0.0106789725758543
0.00316455960296308,0.00306278953054578
0.0172283039601774,0.0166796891986554
0.00464756839654695,0.00599701947237435
0,0
-0.0266264751153222,-0.0226767086710298
0.00632913505164756,0.00609757986811849
-0.0158985860677983,-0.00916036939866427
-0.0210534091978324,-0.0232749063544896
0.00489796897554717,-0.011049836186585
-0.0297542610817928,-0.0257248912384359
-0.0220534807148574,-0.0164207302123276
-0.0103449198423928,-0.00998344398418316
-0.0479239882815828,-0.0462015442946215
-0.0220597180647322,-0.015887359762319
0.00371057939653563,0.00355240160436765
0.00185013928816147,0.00177147964838209
0.00919969689842359,0.0105634785095693
0.0036563112031105,0.00524018666355619
0.0108893997992683,0.0103987072208985
0.0089847864078153,0.00858374369139148
-0.0345803335967791,-0.0294904285107052
-0.0130477153924755,-0.0124005131984548
-0.0151231615742208,-0.0107527917762618
0,0.00180018050414776
0.00569802111463769,0.00179694567670174
0.0243229951402201,0.0230711209013116
-0.0055607186846971,-0.00351494210744452
0.0202398813477462,0.019181058851844
0.00363636764338382,0.003448279278916
0.0108304307743696,0.0119761910467157
0.0177940638004678,0.00846745109909852
-0.0213911899813173,-0.0238919214247302
0.00180018050414776,0
0.0213531244705688,0.0171237060785915
-0.00884179058146095,-0.0119557359201489
0.0123567326889055,0.00684934184557473
0.00699303549097063,0.0118746094207128
-0.02290849079687,-0.0152934161694983
0.0350298513292148,0.0253606152872222
0.00515022597631587,0.00996685991539215
0.022016130564375,0.0228768146537547
-0.0375470725952517,-0.0295103381493885
-0.0157759625941675,-0.00166527931906124
0.00879513145282729,0
-0.00350877552967932,0.018167303955449
0.00525855725346691,0.0178431335675842
0.0494559431554098,0.0285280836145381
0.0165020246363877,0.0124225199985571
0.063412683036974,0.0258963443035795
0.0465200156348929,0.049863701577956
-0.00735838493118712,-0.0305034542934146
0,-0.0406376457318263
0.0219146827053944,0.0242804037070545
0.0200292818755725,0.00597909105605809
-0.00568183346743095,-0.0150152971199956
-0.00858374369139148,-0.0276091156140669
-0.0410614867977738,-0.0364252461984821
-0.0120483385161745,-0.00809721023261939
0.0165293019512106,0.0351473877656455
0.0593087744402939,0.0369841842795229
0.00140350900232017,0.00302115033417621
0.0194450571192235,0.00751318335078327
-0.018043515193935,-0.021180822079447
0.0411580724935076,0.0330857245857654
0.0330499346725521,0.0291565842914554
-0.0343949247878849,-0.0350913198112699
-0.00539812376955739,0.00445435034938024
-0.0556471787143916,-0.0454623740767574
-0.0305034542934146,-0.0109120334509826
0.039050514871873,0.039943866131644
0.00424629088145106,0.016430541396096
-0.0257524961024147,0.0190761470608137
0.0143887374520996,-0.0912486714651449
-0.0100503358535015,-0.00318979536810016
-0.0625203569813338,-0.0440887729846492
0,0.0033333364197583
-0.0375631015756486,-0.0134005355374822
-0.0031948908965192,0.00336700654790434
-0.0161293819298836,-0.0203742191951374
-0.00162733965937539,0.00853976154813452
0.00162733965937539,0
-0.00816331063916093,-0.010256500167189
0.0114100667380309,0.0136520891683273
-0.0212948259705729,-0.00851068966790869
-0.0150127923891852,-0.0207261305171169
0.00670019256981957,0.0034843240826109
0.00996685991539215,0.0189497487796622
-0.00829880281469508,-0.00341880674878547
-0.0100503358535015,0
0.00503779402995719,0.0152934161694983
0.0280778147545404,0.033170536938486
0.0257248912384359,0.0289409266050017
-0.0079681696491769,-0.00795549144111463
-0.0161293819298836,-0.0440887729846492
0.0161293819298836,0.0247333300316932
0.0190180058357619,0.0257248912384359
-0.0302811981144726,-0.027354883449367
-0.00649352931054831,-0.00654666822631439
-0.00653597097978553,0.00980400009662086
-0.0350327735157703,-0.00488998529419182
-0.0102389973010943,0
-0.013817145553142,-0.0231415285616943
-0.0140107370695984,-0.0151645702990451
-0.0142098305726527,-0.0119557359201489
0.0194868876734965,0.0254466656611643
0.00350263055120204,-0.00672271439487671
-0.00525855725346691,0.00672271439487671
-0.00528635592314797,-0.0101010959865039
0.0278763695282549,0.0283588645600688
-0.0103627870355466,-0.00825768523898157
-0.0157483569681393,-0.0116765296618357
0.0105264129869875,0.00668898815079666
-0.0283204767874553,-0.0185034715645597
0.0230711209013116,0.0201687508836209
0.00524935588614373,0.00993385652429069
-0.0158314652166807,-0.00827134575067723
-0.00355240160436765,-0.00666669135818931
-0.0179538036165957,-0.0134682170508666
-0.00727275932907978,-0.0136520891683273
0.0090827145743192,0.0187239512662876
0.023236076680848,0.011735256218421
-0.00887317268048649,-0.0134230203321407
-0.00357143236759716,-0.00169061747790744
-0.0089847864078153,-0.00849622782908566
0.0143371631464072,0.0169208774883371
0.0280720187786863,0.0232182901020073
-0.0174524499512262,-0.0265796378047121
-0.0322031404946346,-0.0118544995345485
0.00181653092639789,0
-0.0109490144896703,-0.0258858284482986
0.00731264684628652,0.00870327512830171
0.0180510316455685,0.0171825533199969
0.00357143236759716,0.00679119757800184
-0.0179860963697819,-0.0309303006913587
-0.0276006480821125,-0.0176060885750492
-0.0093721398288632,0.00177462335836853
0.00563381771825611,0.00353982670512409
-0.0075188324140274,-0.00531445006349263
0,0.00531445006349263
0.0075188324140274,0.00704228262541284
-0.0265670273847218,-0.0176995770994007
-0.0272921422880076,-0.0308274637952595
-0.00993056820260074,-0.00369004108745397
0.00993056820260074,0.00919969689842359
0.0059113472630572,0.0036563112031105
0.01365874893104,0.012692826798419
0.00579711768432589,0
0.030362863730118,0.0319176029683048
-0.0169655341582967,-0.0158314652166807
-0.0191944472561472,-0.0124890115707746
-0.0019398648178266,-0.00901719365018872
0.00580834159574695,0.0108109161042156
0.00192864090640554,-0.00179372245402687
-0.0273454538905288,-0.0328496690182869
-0.0159684031787312,-0.00744882401299063
-0.0080808520539386,-0.0131704631897451
0.00606675268223733,0.00942514045958309
-0.0286318126743271,-0.0266175409999559
-0.0104276231622591,0.00958780115515356
0.0125001627642315,-0.00958780115515356
0.0225188635353498,0.0133973295718213
0.00404040953700491,0.00379507096855158
-0.0142134372500554,-0.0152674721307884
-0.0206618920639569,-0.011605546120308
-0.00208986491945917,-0.00585367525146074
-0.0147526384750383,-0.0137933221323358
0.00634922767865875,0.0118344576470027
-0.00847462699097223,-0.00196270916784869
-0.0368405692210702,-0.017839918128331
-0.00664454271866866,-0.0120725812342692
0,0.00202224538076778
0.0540672212702757,0.0454174796907928
0.00420168685370004,0.00577479949388382
0.0104276231622591,0.0171269647928006
0.0406560056411289,0.0370412716803491
-0.0468995222808141,-0.0427177296851543
-0.0232323014932684,-0.00189933580365242
-0.0436750635026616,-0.0308904870193385
-0.0317486983145804,-0.0218046299668527
0.00230149698827931,0.00997017231984998
0.0294472013263011,0.0157483569681391
0.00445435034938024,-0.00587660848898508
0.0110498361865851,0.00392157365318169
-0.0044052934679164,-0.0177694705119752
-0.01557317346297,-0.0140423571230389
0.00223964259350484,0.00201816415623712
0.0155386034277791,-0.00201816415623712
-0.00884961527698258,0.0278902539818324
0.0413551856819139,0.00587660848898508
-0.0128757143600452,-0.0157483569681391
-0.0441572840410984,-0.042559614418796
-0.0228320420426459,-0.0145987994211527
0.0273365541637505,-0.00421053253634351
0.00448431244732861,0.00421053253634351
0.00890874488910953,-0.00421053253634351
0,0.0692741258834054
-0.00890874488910953,-0.00394477829101636
-0.0135137191667228,-0.00594649918772627
-0.0206192872027358,-0.0120001440031106
-0.042559614418796,-0.028573372444056
-0.0546041340348518,-0.0422895995663386
0.00762392511065935,0
0.029927420541473,0.0128757143600452
0.0073439742557585,0.00212992625782493
0.0217137602237842,0.00636269378782872
-0.031517760320405,-0.0454132086597018
0.0243321006595305,-0.00665929208997684
0.0852068652217709,0.0812412353403354
0.00220507255831393,-0.00205549918209602
0.0153008449553006,0.0163268932874288
0.0931386262908169,0.0890336223703976
-0.0695576837019102,-0.0474022388945839
0.0333364202675918,0.0211343120739738
0.0302747642465921,0.0225573474240746
0,-0.00372439909098243
-0.0385052633831076,-0.0303053494953289
-0.0293522120125275,-0.0332386414757339
0.0189679027068109,0.0177344549397686
-0.0104932757158387,0
0.0125787822068602,0.0116506172199753
-0.0779615414697119,-0.0393751652348302
0.0156427770704537,-0.00402415029972547
0.0132160513915264,0.0160003413464412
-0.0110012110619736,-0.00198609797162941
-0.0269074529199244,-0.00999009307508636
0.0112995552539334,0.00600602406021189
0.0244185273481459,0.0275607995788714
0.0471179229770698,0.0249293830425253
0.00417537141048063,-0.00569802111463769
0.0206192872027356,-0.0019065782705816
-0.00614126802208248,0.00570886422032013
-0.0291687345906568,-0.0406638792538968
-0.0021164029063776,-0.00594649918772627
-0.00637621713927605,-0.00398406901487447
0.0314821382703524,0.0158419154656579
0.0365152129750975,0.0252195713321161
-0.0344512287542461,-0.0252195713321161
-0.00828162083172201,-0.017839918128331
0.0837141939591618,0.0825012215117438
0.00191022025611931,-0.00554018037561543
-0.0251220941173378,-0.0130477153924755
-0.0419641990990322,-0.0151231615742208
-0.00614126802208248,-0.00573067470898503
-0.00205549918209602,-0.00383877630716567
0.0122700925918143,0.00575265248944978
0,0.00761908447643944
-0.00611622701743608,-0.0172253062818792
0.00408163831964858,0
-0.0205768576887595,-0.0194937946810012
-0.0188882845202057,-0.0138753464936171
-0.00851068966790858,-0.00199800266267303
-0.0414454081753924,-0.0325231917055601
0.0154699217721318,0.0102775827582403
-0.00660068403135206,0.00408163831964858
0.0131580845775111,-0.00818000471193081
0.038466280827796,0.026343975339602
-0.00630916919326474,-0.0161293819298837
0.00840341079637952,0.0161293819298837
-0.00840341079637952,0.0099503308531681
-0.0106045532487972,-0.0039682591756206
-0.00213447252863253,-0.00999009307508636
0.00213447252863253,0.00200601872686579
-0.0215525583857341,-0.00603016902659126
-0.0332256476283205,-0.0265592730723547
-0.0273989741881144,-0.0272839589484685
-0.00930239266231347,-0.0171678036223654
-0.0188684843043828,-0.00433840159859811
0.0141846349919564,0.00650056460309334
-0.0141846349919564,-0.0307041663439798
0.0165293019512105,0.0220273223182909
0.00932407687512327,0.0129871955268112
-0.0258533788263338,-0.0151682214731713
0.0118344576470029,0
0.020955365175988,0.0237335843320943
0.0317486983145804,0.0294138852062934
-0.0112234623698495,-0.00623054975063608
-0.0414806011207188,-0.0447358938413914
0.00235017734495357,-0.00218102594636016
0.0162983817331194,0.00435730536895573
0.00690451534654457,0.00865806274311454
0.0382498821339997,0.038059561824345
0.0218349286032,0.0103200090319895
0,-0.0123968529768287
-0.0240448742540029,-0.0252645016594818
-0.0201124097870955,-0.00213447252863253
0.0112234623698495,0.00851068966790858
-0.022574322038539,-0.00851068966790858
0.0113508596686895,-0.00213903824874939
0.0289230394692505,0.0274568462330392
-0.00219539056343565,-0.0231833354556573
-0.063513405722326,-0.0303053494953288
-0.0165293019512105,-0.0155041865359653
-0.0512932943875505,-0.0433363134869682
0,0.0138891121606671
0.00997514505681951,-0.00230149698827931
-0.0327898228229909,-0.0280392200643931
0.0127390257774298,-0.00475060275859773
0.0250013022054173,0.0188684843043828
-0.0275361578086053,-0.0141178815457851
-0.025708356710207,-0.0264120995397772
0.00778214044205494,-0.00243605479788112
0.0153849188394795,0.00729043326267931
0,0.0144233269611049
0.0201518154373079,0.00950125912414024
0.0123917322951634,-0.00950125912414024
0.0386521544342791,0.0235859990058793
0.00236686501026617,0.0115876151723878
-0.071021269748344,-0.0642313486578099
-0.0025412974286726,-0.0173486383346129
0.0300774552372779,0.0173486383346129
0.0505522791628312,0.038558993603683
-0.0094340322333587,0.00236127618567983
-0.00713439411387407,0
-0.0217137602237842,-0.026285862270925
-0.0372713947972315,-0.0146344075184378
0.0274673947006108,0.0242730363562065
-0.0300022503037988,-0.0193710657559997
-0.0153455696746604,0.0121508177825126
-0.00258064659349166,-0.00727275932907978
0.0255115876574086,-0.0122400548945019
-0.0126744408967279,-0.0148886124937506
0.0202027073175195,0.0222506089348197
-0.0227569871226162,-0.00736199644106905
0.0227569871226162,0.0195128142235816
-0.0125787822068602,-0.0195128142235816
0.0421375844484044,0.0457360093226842
-0.0146701897477937,-0.00945633524203549
-0.0224168789145422,-0.0167668598570671
-0.0280989112223595,-0.00727275932907978
0.0505157901369018,0.0428637044317824
0.00246002584086225,-0.00936775000360013
0.0642313486578099,0.0186485590780729
-0.0162605208717803,0.00690451534654457
-0.0165293019512105,-0.00690451534654457
0.0118344576470029,0.00919546709310037
0,0.042559614418796
0.0527040634905683,-0.00219539056343565
0.0220759516991998,0.0152674721307884
-0.0109770586311509,-0.0108815001875341
0.0153343640001067,0.00218579321998025
-0.00435730536895573,-0.00437637459979889
0.00218102594636016,0.00437637459979889
0.00217627942259557,0.0108578699720491
0.0193762789631385,0.0297894368021071
-0.0281099589318932,-0.038466280827796
0,0.0279287755250102
0.0302398851897181,-0.00637621713927605
0.00636269378782872,0.0106045532487972
-0.0543021560769478,-0.0431101236537285
-0.0503538861456148,-0.0473594700388582
-0.00706716722309253,0.0114811823739563
-0.00950125912414024,-0.00687287928776203
0.00950125912414024,0
0.00706716722309253,0
-0.00235017734495357,0.0091533819864873
0,0.00681046900252669
-0.0432759834818219,-0.0486770483953167
0.0218720748186683,0.0211523750052267
0.0446607708274209,0.0229895182246987
-0.0185620178600596,-0.013730192811902
0,0.00688866099518537
0.0345258688490736,0.0181410870706501
-0.02752467339009,-0.00902940671939423
0.025259666759238,0.0157483569681391
-0.00454546237167464,0.00222965532726915
-0.0091533819864873,0.00665929208997684
0.0182237389564516,-0.0201124097870955
-0.0136365749495455,-0.0136365749495455
-0.0161479864079821,-0.00688866099518537
-0.0187798946515964,-0.013921338518608
-0.00952388151125549,-0.0164903618994154
-0.0719020889063099,-0.0313656592782198
0.010230268250815,0.00975617494536474
-0.0205662775814771,-0.0171362822429871
0.0154642256975817,0.026798193154724
-0.0232869513787907,-0.0120920457650286
-0.040058760552005,-0.0371790032417539
-0.0734793707710533,-0.0386148361277796
-0.032789822822991,-0.0239055208535545
0.023953241022493,0.0133513331748643
0.0175957618903795,0.0131754211585644
-0.0476280489892547,-0.0373376704376442
-0.0436206224758904,-0.0416148812356342
0,-0.00853490244983757
-0.0356601803988843,-0.0114943794257349
-0.0166393190039646,-0.00289435802636451
0.0100167782434712,-0.056647035664652
-0.0201349084090559,0.056647035664652
-0.0136520891683274,-0.00873367996875452
0.027120306219194,0.0173917427118691
-0.0168638060520048,-0.00287769982761521
0.00677968698537867,-0.00578036291549933
-0.0170361871525679,-0.0145987994211525
0.0204088716312072,0.00878482955573268
0.0428401586764924,0.0343873423094758
0.0223294763980886,0.0167601688574652
0.0846426431540792,0.0433672291151298
-0.0909717782057267,-0.0916035300746124
-0.00956945101615081,-0.0175957618903795
-0.0292703823001133,-0.023953241022493
-0.0267574491695493,-0.00913248356327245
-0.00339558900113812,0.0121582044798094
-0.00340715832161442,0
0.0692203768911861,0.0385232819963355
0.0677181740549511,0.0314761321020174
-0.0180185055026785,-0.0199153097009415
0.00604231445596271,0.0255333020051647
0.0584962066816084,0.0491902441907719
-0.0200867585667373,-0.0297721583336703
0.0508584172334909,0.0534886849509864
0.0109590137897195,0.0129367910307194
-0.0109590137897195,-0.0181587350118712
0.0325231917055602,0.0258412311838874
-0.0463930395697105,-0.0310905870700311
-0.028330506626226,-0.0430173850836909
-0.0203200024909573,-0.0222231367847101
-0.0207414843068165,-0.0112995552539334
-0.0181273845925567,0
-0.0436206224758904,-0.0435482452457352
0.0313505298840762,0.0205587270210366
0.0122700925918142,0.0314761321020174
-0.00918842605440617,-0.0199153097009415
-0.0155041865359653,-0.0173917427118691
0.0398214941866717,0.0373070524128105
0.0324991673929544,0.0167601688574652
0.0258263995598984,0.0219186857076462
-0.046385126580935,0.0107817756032883
0.00296296513065708,0.00801072374607903
0.014684551682921,-0.00801072374607903
-0.0539052648362024,-0.0410454332431152
-0.0155041865359653,-0.0225998319172411
-0.00941922191649169,-0.00573067470898492
-0.0223294763980886,-0.0115608224010759
-0.00647251450561748,-0.0205587270210366
-0.0196727655987048,-0.0089419373756614
-0.00664454271866877,0.0089419373756614
-0.0339015516756813,-0.0240251795869899
0.0305626504101668,0.00606062461169099
0.0231415285616943,0.0385232819963355
-0.00327332534496905,-0.00875918008988141
0.0194811355718225,0.0174423026633421
0.00641027836091901,0.00287769982761521
0.00953902304675891,0.00286944242795273
0.0878022034444477,0.0310321092477286
-0.0264332570681554,-0.0139862419747399
0.008888947417246,0.0627764061441719
0.0290718148219766,0.0157483569681393
0.033806036130454,0.0383188643021366
0.0327004613109345,0.0344861760711692
0.018592833076616,0.00241838086428159
0.0234080908980149,0.0285733724440561
-0.0103360093306621,0.00701757265864655
0.0580238401163774,0.0433363134869682
-0.00985229644301144,-0.0112234623698495
0.029270382300113,0.0201124097870955
0.00479617226349305,-0.00443459706786575
0,-0.00668898815079655
0.0444517625708339,0.0544203909719865
0,-0.00424629088145112
0,0.0126851595273157
0.0203857569244739,0.0371176629565025
0.017778246021284,-0.0101730277130505
-0.0267873159636499,-0.0185763855729354
0.00451468035452662,0.00829880281469508
0.0611544231533306,0.0444517625708338
0.0312851374970344,0.0215062052209636
0.0461466026357816,0.0153553880831947
0.0403512955235674,0.0300210162548578
-0.0228581380760502,-0.0186572576045427
0.0190845486924108,0.0168071183163813
-0.00949674753725727,-0.00557104504945538
-0.0650475565265216,-0.0614396652335049
0.0121458983021081,-0.0200006667066696
-0.0244411351591456,0.0259236850097916
0.00411523214510667,0.00784317746102592
0.0102145934097183,0.019342962843131
-0.0288679840008521,-0.0271861403041569
0.0308984415512341,0.0214224355874068
0.0140989243795017,0.0171924005403729
0,0.0112995552539334
-0.0161293819298837,-0.0189041546391527
-0.00611622701743608,0
0.00611622701743608,0.0207750625749644
0,-0.0150661983546443
-0.00407332538763583,-0.00570886422032013
0.0222007099801925,0.00380952841666771
0.021718523954643,0.0244143581712873
0.0288759235018545,0.0238324753680982
0,-0.0127622516138512
0.00189573516489916,0.0199824995873382
0.0150378773645405,0.0107335556431087
-0.00186741417479541,0.00177777824599912
-0.0322915046365235,-0.0343303812837475
-0.0214642386682999,-0.0223057575142983
0.019531870917246,0.0149256502166757
-0.0354367787569104,-0.0149256502166757
-0.0141273792592106,-0.0305367238600817
0.0181273845925567,0.0134746985833601
-0.0120483385161745,-0.00575265248944978
-0.0349470300772343,-0.0174592213717687
-0.0362126894948074,-0.0419641990990322
0.00216684808509027,0.0121705356202552
0.0150378773645404,-0.00201816415623712
0.0148150857851407,0.0200006667066696
-0.0320198112347714,-0.0404095383378767
0.0235809425889068,0.0122952368570375
0.0188882845202057,0.0161619679569981
-0.00208116620382448,0
-0.0210534091978324,-0.0263974718510249
-0.0479394622891191,-0.0250013022054173
0.017699577099401,0.0331980694095958
0.00437637459979889,-0.0081967672041785
0.0301098014713703,0.030397477184371
0.0251059211310763,0.0236697440859047
0.00412371718386206,0.00389105549296664
0.00205549918209602,0.0135006872189026
-0.0144780191806532,-0.0135006872189026
0.0428199971829282,0.0324765886779083
-0.0100301743599374,-0.00188146809970557
0.0258720898255953,0.0130965389198456
-0.0400855270756507,-0.0263668758407423
0.0202436062766467,0.0151518050206022
-0.0202436062766467,-0.0170620252767215
-0.0206618920639569,-0.0212568390254151
0.00831605624165754,0
0.0305834233720802,0.0288759235018545
-0.0161946859199806,-0.00380228594973853
0.024194728587057,0.011363758650315
0.00199005040801004,-0.00566573753567734
0.0293850721597438,0.018762276455523
0.0266682470821613,0.0329097340887979
0.0149256502166757,0.0248680665780133
0.0273989741881145,0.0259754864032606
0.00180018050414776,0
0.0422598092898825,0.0118947876521492
-0.0209066848193137,-0.00508045123241896
0.0122486220761991,0.011814483413763
0,0
0.0103807160545608,0.00335008688528204
-0.0138650401371717,-0.00502934840500202
0.0376756888308902,0.0363076183597581
0.0116960397631913,0.0144813471947107
-0.0133781259461762,-0.0128619136424077
-0.0447579006414937,-0.0295588022415444
0.00175901540517964,-0.00668898815079666
0.00350877552967932,0.0100167782434714
0.0512057248791974,0.0326826474303584
-0.015088299651202,-0.00645163528148868
0.00337268447863925,-0.00649352931054831
0.0216494716968534,0.0273109343940707
0.0324177495734224,0.0296665003484697
-0.0144580831752299,0.00153727931888648
0.0176427992427498,-0.0312037796673562
-0.00478088560034201,-0.00158604315563476
0.0236790858205715,0.0141846349919564
0.00311526731694933,0.0093458624182377
0.0184905113976326,0.0199546145295447
-0.00305810635882087,0.00303490369515402
-0.0107776254938292,-0.0152674721307884
0.00771013842596741,0.0152674721307884
-0.0264606877713434,-0.0152674721307884
-0.00157853229304972,-0.0030816665374081
-0.0127187724077747,-0.0108612394316047
0.0268366539535597,0.0200778945365287
-0.0156989095431038,-0.00613498856751593
0.0156989095431038,0.0182931930473254
-0.00155884676929113,-0.00302572091653697
-0.00469117357588017,0
-0.0126184639592115,-0.0121952730938183
-0.0257248912384359,-0.0343247425410746
0.017756721589259,0.0188684843043828
0.0330478540462004,0.0291655361617251
0.0304901667577873,0.0400349980816573
-0.0181823190831905,-0.00145454571099418
0.00609757986811849,-0.0461735032782603
-0.0215062052209636,-0.0325357900513975
0.0169365095308983,0.0202656974595831
0.0196529379013938,0.0258963443035795
-0.00450113288079163,0.0030030052597696
0.026707818914936,0.0251678717069267
-0.0222066860341443,0.0130720815673526
0.0496452304891652,0.00575541157062065
-0.0318406058556586,-0.0188274931379733
0.0160470255975174,0.0101819061451193
-0.0028985527540113,-0.00435098583432619
-0.00436364328777317,-0.00145454571099418
-0.0029197101033348,-0.00291545396012405
-0.00146305805176039,-0.00585653211271292
0.0245854754726145,0.02465679661286
0.0141846349919564,0.0240634399316352
0.0112045990128631,0.00557881502703905
0.0124569084852952,0.0110651198124727
0.00411805660891745,0.0013745706631666
0,0.00684465368996551
-0.0636256958802114,-0.0123543095009351
0.0316118276343473,-0.0480997947944113
-0.0316118276343473,-0.0279224606196231
-0.0236347781339968,-0.00597909105605809
-0.0288116972385457,-0.0212129166391927
-0.050483905431992,-0.0390369628082324
-0.0634603539172259,-0.0590335315841931
0.0339015516756814,0.0184105618431798
0.0456105112520523,0.043802622658393
-0.0128206884290614,0.011049836186585
-0.0195445960729703,-0.0206192872027357
0.0227652107730125,0.0190481949706945
-0.0178431335675842,-0.00630916919326474
0,-0.0047581374464169
-0.00656816811209704,0.0157731976770943
0.0228022908739805,0.00156372197618276
0.0254385736386846,0.0246926125903715
-0.0222231367847102,-0.0169104721483166
-0.00482704074831591,-0.00466201310581132
0,0
-0.0294620327303162,-0.0316482109507817
0.0310736366246577,0.0269643616383554
0.0254385736386846,-0.00313479880537143
-0.0158231149392427,-0.0126383988717229
0.00635932190829247,0.00791769773678541
0.0172824411487481,0.0156497716671277
0.00311042241439247,0.00155159069141886
0.0123458358222993,0.00925932541279678
0.0493742763355724,0.0362030486639606
0.0230890487723647,0.0349380513612803
-0.00572247627406625,-0.0115109184661404
0.00857148105014105,0.0172170680429951
0.0014214643473775,-0.00142348778485379
0.00707717037408512,0.00992212250631641
0.0264455216645585,0.0346535020823881
-0.0278569545029663,-0.0276260662749312
0.023727561160955,0.0248975516217272
0.0298935302781426,0.0349028716810601
-0.00133958492905645,-0.00396563639334696
0.0159577854386108,0.0209706243143048
-0.0376388514999348,-0.0302853955888522
-0.0534585785247673,-0.0563723120779046
-0.0488624211151622,-0.0272418279632291
0.0829566324581383,0.0314761321020174
-0.0211722799260555,-0.00990807822469619
0.0322835053511263,0.0308147630440099
0.00275862243907971,0.00412939334201123
0.0177479061234057,0.0054794657646256
-0.0344149586086174,-0.023497971267304
-0.0517356743991887,-0.0443246250714571
0.00588236990306656,0.0159539279422415
0.0145562977742073,0.00430725719758035
0.0129219314169206,0.0212623176519235
0.028131250250359,0.0276642814723556
0.0219487549043875,0.0013633267278641
-0.00817443243955812,-0.00272851465320401
-0.0041124115530925,-0.0109891215755952
-0.0579667559743365,-0.0294345005750515
0.0130153681120702,0.0014214643473775
-0.00431966114451643,0.0169018108026032
0.0326501677707424,0.0138698478641505
-0.0545328790202499,-0.0180685944105001
-0.0375701586639645,-0.0313415966466261
0.00762780204888613,-0.00872098550544442
-0.0137722146212272,-0.0132257622192612
0.0152908177984173,0.004428051515732
-0.0292553581487897,-0.0268672877070099
0.00933132742888432,0.0135238725333255
0.0153612851614872,0.0250565798373376
0.0447168387817962,0.0371471281919465
0,0
0.0497615095590637,0.0439027979652636
0.0367638406895282,0.0356003316452167
0,-0.00649774865752001
0.0159154553058995,0.0077922472201658
-0.0145794497631573,-0.00388853373969245
-0.0188684843043828,-0.0196727655987048
0.0175324787616406,0.0170719838986475
-0.0326115855887609,-0.023716526617316
-0.00832182333749221,-0.0107239633629757
0.00832182333749221,0.0013468015503787
0.0164387263431599,0.0160217045312656
0.0373376704376443,0.0287226011186228
-0.0184945826361644,-0.0129535490003913
0.0302058420570658,0.0244699910619504
0.0128536474033812,0.0151518050206022
-0.0180417264851591,-0.0151518050206022
-0.0104576116439581,-0.0140937630758596
0.0272213826836253,0.0279916494368681
0.0252538673212034,0.0260076578125319
-0.0112853862316665,-0.00859428248733399
0.0528053914498536,0.0279653482433337
-0.0120338395637236,0.00478469812333629
0,0.0083185268750908
-0.00973243691823103,-0.0119049025063184
-0.0135386683327981,-0.00962702982716418
0.0232711052510292,0.0215319323334826
0.00362538161431691,0.00118273224904944
0.0155598591070318,0.00589276896715088
0.0211523750052267,0.0140025625100538
0.0836141400411337,0.0574158803707221
0.00533334597536246,0.0237849050234421
0.0477764793385859,0.0601217301789819
-0.002030457550382,-0.00605450890870623
-0.0205346024417078,-0.0122201113347753
-0.0104276231622591,0.00714653373407407
0.0125001627642315,0.0359679130755582
-0.0630213840973813,-0.0680119984313595
0.0431566430709416,0.0371176629565025
0.00210970542384962,0.00605450890870623
-0.0137933221323357,-0.00302267232658605
-0.0281708769666963,-0.023482447053411
-0.0484056227303539,-0.0368268864292331
0.0103271141558496,0.00747467441670564
-0.0114811823739563,-0.00640343703520685
-0.0730426311438717,-0.0482549755026571
0.00124146508806491,0.00560225554866985
0.0208724581704414,0.00557104504945538
0.00967359417837838,0.0208913590313763
0.0504505808000873,0.0321226762542407
-0.0126656845721075,-0.00210970542384962
0.00922728576907486,0.00526594160528707
-0.0494218217172079,-0.0418291541963968
-0.015805800171188,-0.0210301054214543
0,0.0254016970829507
-0.0148150857851405,-0.0853274580141382
-0.0549659113172806,-0.052419068476052
-0.0553821458515849,-0.00501883111194276
-0.00278164296187683,0.00626961301359538
-0.0268188268144139,-0.0138454068220531
-0.0604458109084929,-0.0414030674084255
-0.00762780204888613,-0.0039708854294927
0.0695032057669735,0.0592193596599713
0.0085349024498374,0.007472014838701
-0.00283688133519966,-0.00997514505681951
0.0335226920386436,0.0271957428084899
0.0136427764037865,0.0109158148769962
0.034623964566048,0.0285393923563842
0.016872561201127,0.00234192144508111
-0.0194937946810012,-0.00351494210744449
-0.0306486347384445,-0.034630326152246
-0.0218886987894371,-0.024601486730308
0.0272868225589945,0.0258158159627099
0.00937716181259701,0.00242424361150637
0.0250177629752878,0.00843886864586463
0.0727137255180473,0.0616833084382383
0.00842870733505546,0.00562747686572837
0.0272045162390331,0.0200006667066695
-0.0176579043554531,-0.00551573378530235
0.0407269781298563,0.0401137791932031
0,0.0105709229600107
-0.0672026521138843,-0.0418740724710588
0.0534251666735806,0.0259754864032607
0.0205956936720807,0.00426439878645742
0.0323147894703714,0.0293522120125275
0.00655740054615908,0.0153770328705895
0.00217627942259553,-0.00305654848254895
0.00865806274311459,0.010152371464018
-0.0350913198112701,-0.0380900394744335
-0.0329014361943886,-0.0233556263771349
-0.00346620797648625,0.00321716095177554
0.0573512964714658,0.0480761334357749
0.0532040360634645,0.0321312781827933
-0.0251849617536063,-0.00993056820260075
0.0588101367260844,0.0609767964987153
-0.0398622014280258,-0.0256790144176915
0.00416233691468734,-0.0204386676772741
0.0195378965563403,0.00196463717416486
-0.0195378965563403,-0.0198222545741712
-0.00938974034983904,-0.0110720809006857
-0.0169137224420619,0.0230125212726035
-0.00427351077738194,-0.000989609185166171
0.00958984440461477,0.00788958727516292
0.0230618187055285,0.025219571332116
0.020513539833103,0.0170944333593001
0.0131116351393751,0.0177326158373241
0.00798407434822055,0.00645460977667976
-0.0426460560491389,-0.0204278226900981
-0.0188487255586674,-0.0122700925918145
-0.00849262004565361,0
-0.0161207145033724,-0.0133845210347481
0.0609432250625109,0.0396278265399809
0.00609757986811851,0
0,-0.027193424341553
0,0.0122816848458702
-0.0413709462474034,-0.029540023075151
0.0198647410264398,0.0163073158085766
-0.025158559636155,-0.0124463071511171
-0.106304579924309,-0.0770766547555415
-0.0348383580493074,-0.0436007389272064
0.00487805845343287,0.0065005646030934
0.0884296732460198,0.0245345639637484
0.0132745312086961,0.0125656103603646
0.00109829774906259,0.00207900282783307
0.0130863372428938,0.00930239266231353
-0.0108933539078837,-0.00930239266231353
-0.00769657455198915,-0.00312012733624364
0.0250694327708592,0.0216391751034812
-0.0361683258389081,-0.0051098731522706
-0.0340555044124953,-0.0175715115296543
-0.0780239614940759,-0.0491551942884697
-0.0617957192684657,-0.0574806099312754
0.0262138207875284,0.0103867061888097
0.0318295488623868,0.0249446040239963
0.0429250447170338,0.0221492997184694
0.0330608622608881,0.039726103999618
-0.00116211518017739,0.0280246674481962
0.0150031665920488,-0.113697228133803
-0.0349685978377468,-0.00344629864358759
-0.00356506616449617,-0.0115742032811367
0.0165293019512106,0.0195971689521361
-0.0932046696101782,-0.0324854551444884
0.0303820836881229,0.0175340552915249
0.0111594462488984,0.0217773649233634
0.0633047146886426,0.0486821786393881
-0.00580384681980026,-0.015234244571848
0.00348634867943776,0.00873367996875461
-0.00932407687512327,-0.00108754768739895
0.0185620178600596,0.0118984637916146
0.02497292093138,0.016000341346441
-0.0033688970661048,-0.00211864486028526
0.0189420705290748,0.0168247922499807
-0.0393973291904766,-0.0274858740360943
0.00686501551968025,0.0138373682045343
0.00908065263574649,0.00421941554270825
0.00899893586856955,0.00420168685370001
0.0254297837976312,0.0248459985865308
-0.0120814209742042,-0.00512558784881228
0.0506300910914391,0.027371196796132
0.00836824967051662,0.0109399400383343
0.00933132742888432,-0.0528041441370331
0.0184054275427154,0.00830742056985612
0.0551864155672908,0.0315547808581697
-0.00673403218134398,0.00599402394021054
-0.049466068216793,-0.0542332377062842
0.0130984240459181,0.0238972410971448
-0.0377403279828471,-0.0365958244342722
-0.0157153574796283,-0.00641027836091897
0.0146753157842143,0.00641027836091897
0.0154881774428,0.0293830162450315
0.00102406562969026,0.00309757604413418
-0.00513084758234367,-0.00724265969930295
0.0153142349730425,0.0225882293739633
-0.00406091928631503,-0.00101574411983546
-0.0415428375137091,-0.0457460217882039
-0.0160345498472568,-0.0139263096981943
-0.00323799527377538,0.00323102058144648
-0.0207544314694459,-0.00972454989199478
-0.0497840353792863,-0.060421059474765
0.00347423626818621,0.00230414848485019
0.0205956936720807,0.015982075338568
-0.00567860696884336,-0.00226757466778051
-0.0383099662779429,-0.0369984396248322
-0.00593473551981455,-0.0166274614604918
0.0118344576470029,0.0119049025063184
0.0369557065224292,0.0280064979082182
0.0529925301405104,0.050487446188758
0.00214822853828955,0.0108815001875342
0.0833386895630921,0.0770412046697798
-0.0423450359573584,-0.032589442098946
-0.0260838992394467,-0.0390550953986794
0.00211193320314353,-0.00864870255853167
0.0270568013875133,0.0225452383210561
0.0102145934097183,-0.00532199233794076
0.0141273792592106,0.0221644957324383
0.0119523335238412,0.0145080264895785
0.0196084713883763,0.0183491386681966
0,0
-0.0097561749453647,0.00604231445596263
-0.0228071363164785,-0.0368139731227163
-0.0430394294811081,-0.0062696130135954
-0.0105264129869875,-0.0190481949706944
-0.00211864486028526,-0.0571584138399487
0.00528821962156432,-0.0171139373722514
0.0115365726284164,0.00115008638323735
0.00727275932907978,0.0136988443581619
0.0184620628397354,0.010152371464018
-0.0629138254105692,-0.0192640518152739
0.00216216300449523,0.00342661671664757
-0.00867684402568893,-0.00801378072355363
0.0140618866565766,0.0170944333593001
0.00428725201161993,0.00787848757207987
-0.00643779047484849,0.0298199897756777
0.0514009312209787,0.00434311214716511
-0.00102301799203459,-0.00543184388236169
-0.00204918104493557,0.00217627942259553
-0.00720538372127016,-0.00326619778662116
0.0184242673260584,0.00326619778662116
-0.062782119956456,-0.0153343640001067
-0.0509523271739273,-0.0302544083578024
0.0541868313415864,0.0313575524299596
-0.0667656135484465,-0.0211707071229666
-0.0423094830985494,-0.0748012130826984
-0.0492104205319946,-0.0270619220429571
-0.0544175698707133,-0.0511620521798683
0.0197765179764566,0.0259081848586648
-0.0372383451401188,-0.0193679391780549
-0.0414997309067528,-0.0398989091779196
0.0360649349207959,0.0372879416371993
-0.00820798041782961,0
0,-0.0118344576470029
-0.0264455216645585,-0.0146571577999735
0.0223161283225473,0.0159790350578893
0.0204785313435407,0.02478926674577
-0.012236726448437,-0.00776200533548926
-0.0505016141849864,-0.0588405000229335
0.021353124470569,0.0204506104712908
-0.00282087634164135,0
0.0223472986919966,0.0253178079842899
0,-0.0092532054804832
0,0.00265252144913114
0.0537763967808042,0.0402390431801819
0.00522194398115167,0.0113853222251254
0.028243212313395,0.0186921330121526
-0.00380469704366396,0.0110498361865848
0.00633314339702265,0.0024390255993588
0.0237066623009871,0.01210668540302
-0.0149071083491383,-0.00240963972015321
0.0677405231704855,0.0631050454686651
0.0254055234354228,0.00677203490994457
0.0113379899373965,0.0134080220944333
-0.0239600737471444,-0.0258586639732213
-0.0424592077717916,-0.0230424941471544
-0.00604231445596265,0
0.0357180826020793,0.0264535264482172
-0.0129489743408031,-0.00569153499978808
-0.00356083462300905,0
-0.00835825761420131,-0.00343053509678923
0.00716848947861254,0.00684934184557479
0.00475060275859782,0.00793205291990397
-0.0131188524291144,-0.0124930642474665
-0.00722894714315139,0.00796816964917688
-0.0306960871571767,-0.0322608622182215
0.034317092924129,-0.00469484430420772
0.0424592077717916,0.0515873687904933
-0.0162983817331194,-0.0101067676697744
0.00585139176846405,0.00112803170449854
0.0366593169161248,0.0397842521932727
0.00224719195690473,0.00755535164444948
-0.036575505486554,-0.0316793285389637
-0.0117097356729081,-0.00891867673183887
-0.00353982670512404,-0.00674159856691957
-0.0190936588155797,-0.00792307483732733
-0.0268636422695481,-0.0299907136836823
0.00616905102671508,0.0127983131433095
-0.0261697177333846,-0.0198488711399763
-0.00887767403201745,-0.0190481949706945
-0.0128206884290614,-0.00844905448652764
0.0279916494368681,0.0239532410224929
0.00125391865959373,-0.00593473551981455
0.00375234961855045,0.00118976813558877
-0.0578195708888263,-0.0587684383381
0.0209431738452432,0.0892157551456938
0.00774197415361544,0.00804139887499361
-0.0168506903518558,0.00911168035125584
0.0168506903518558,0.0112740765732181
0.0440045853694189,0.0265502320941209
-0.0111318403688441,-0.0131870042819538
-0.0251902488285586,-0.0178576174000065
-0.00768249617201625,0.005614837884329
-0.0103360093306621,-0.00786963027141811
-0.0276515313305101,-0.0216779738245391
-0.00133600554274221,0.00115273787980832
0.023779191766114,0.00688866099518529
-0.0184458457907515,-0.0161479864079821
0.00794706169253184,-0.00232828975959112
0.0400829352035026,0.0500104205746614
0.00757579380845769,0.00883007944827208
0.041878040480963,0.0174296351352837
-0.00969704568286678,0.00753096620116445
0.00607166406854986,0.00747467441670564
-0.0382526588666461,-0.0324352757531538
0.00376648279547687,0.00984152284479133
0.00250313021811852,0.00217391389961981
0.0198026272961796,-0.0252899679531073
0.056000336119321,0.0371627463833916
0.0530299084274678,0.0420229897748478
0.00109829774906259,0
-0.00329851865866503,-0.00309119256967285
0.0217873541849073,0.0224499224392218
0.0401321014263173,0.0337333572425205
-0.00518942524222551,-0.00097608597305535
0.0144630620275547,-0.000977039647826725
0.00409417153266321,0.019361689049146
-0.00204499048772764,0.00668898815079672
0.0152364552420901,0.010421695462414
-0.0275950059458869,0.00751177241106209
-0.00311365067327943,-0.00751177241106209
0.00103896113241907,0.00751177241106209
-0.00416233691468734,0
-0.00104329691257768,0.0102374090932203
0.0114168339199057,0.0219789067187753
0.0194180858571016,0.0188430878014798
0.00404040953700498,0.00443459706786566
-0.00708146611278392,-0.0658372992881414
-0.020513539833103,-0.0268215311945633
0.0396191989126886,0.0390339892240672
0.0158106060266423,0.0120651115518429
-0.031875208530449,-0.0205039801977074
-0.0266682470821613,-0.0170944333593001
0.0337282864928863,0.0311199087138045
-0.0275106498820158,-0.00278940208757847
-0.0357556490477343,-0.022599831917241
-0.0415360252539122,-0.038839833316264
-0.0421714909906751,-0.00595830958363064
-0.0403855356495744,-0.0160646025038067
0.0588405000229335,0.0328551204167977
0.0370204922436789,0.0459410928603797
0.0367608959750697,0.0285865477614168
0.0375043954584543,0.00724640852076722
0,0.0450009760325225
-0.0808951499721936,-0.036911044270551
-0.0066741070876932,-0.0098966169869205
-0.0386851423112374,-0.0274994413605504
-0.0523929340609461,-0.033068672106761
0.0133578185325479,0.0209133097269791
-0.00969704568286678,-0.130445177494604
-0.0284145120026193,-0.0271608222460506
-0.0370176279441648,-0.00330943490136718
-0.0384407833074286,-0.028013036227674
0.0227130672392333,0.0101753280416524
-0.00264550418842407,-0.00112549252173452
-0.0419263568633084,-0.00564654238821005
0.0150791068271203,0.0134985176708954
-0.0040899852515251,-0.0248881624352532
0.0149155307564476,-0.00114613193062257
0.0107096070463756,0.00114613193062257
-0.0120564085967543,-0.0243490290102865
0.0013468015503787,0.00234466695925412
-0.0725562209500893,-0.0778982483275026
-0.0443859839159835,-0.0243445718977377
0.00903620606393746,0.00517465579001752
0.0295442463067256,0.0191699161077202
-0.0265502320941209,-0.0153064212826756
-0.06643368902813,-0.0858435618388073
0.0221178052536191,0.00558660670863981
0.0368139731227163,0.00416956823672493
-0.0352526925557639,-0.00835659459094146
0.0246545615639405,0.00974259619881862
0.0105981309918234,0.00964859311583188
0.0613330880168081,0.0376895214287907
-0.00283688133519966,-0.0106242699202293
-0.0302834965872522,-0.0298125059837001
-0.026707818914936,0.0054869822162591
0.0484320621065182,0.0296517680501151
-0.02465679661286,-0.025556199185378
0.00731532157637288,0.0135320062185763
-0.0117303397854897,-0.00269179166571143
-0.0406376457318263,-0.0328796741191563
0.00153491971808367,-0.0225361650224131
0.0272331504583588,0.0308579883599053
0.00446761725971606,-0.0153099719714204
-0.0119582889888737,0.0111577168706531
0.0654779293795069,0.0407665144791857
0.0291484897144174,0.0171621374023858
-0.0193376191501581,-0.00788440352414888
-0.00279329790561272,-0.00927773387823694
-0.0197746556594176,-0.0256251378028232
0.0113476394975374,0.0176037044182479
0.045493716635253,0.0407683018036593
-0.00540541856690796,0.00128783018442868
0.00540541856690796,-0.00257732101430047
0.0173685060816443,0.00514801651740129
-0.00398142529918488,-0.0129200763651043
0.0249520496134897,0.0129200763651043
0.0243445718977377,0.0253498998955264
0.0138280016072921,0.00374766210023983
0.0173271661725034,0.013622501681296
-0.0375043954584542,-0.0261697177333846
-0.0231969164151523,-0.0216983624610789
-0.0508130693585981,-0.0462128431551316
-0.00826450984989346,0.0040458585195437
0.0551585670077559,0.0537129756326487
-0.0013097578820635,-0.00127632435960473
0.0220358883991804,0.00763362485507113
0.0645385211375711,0.0578622922388273
0.00240096153753816,0.00238948739738143
0.0190029471256154,0.0083185268750908
-0.0262231950991025,-0.0179109265665302
-0.0406710397309277,-0.0405710220004285
-0.0101138662369287,0.0112290637164132
-0.0244385152697311,-0.0482940093589561
0.025708356710207,0.025708356710207
0.0361410050021237,0.0250639686632163
0.0193945473068398,0.0208213278135855
-0.00843886864586463,-0.00729930248161156
0.062190124164199,0.00729930248161156
-0.0253469790873972,0.00844905448652764
-0.0650832046510181,-0.0480092191863605
-0.0445649807990895,-0.0517579938349545
-0.0466440312610207,-0.0133691830821344
-0.0123543095009351,-0.0286709058249329
-0.128021736813553,-0.126826575552704
-0.0416726964005681,-0.0238674814066434
0.0032679767646161,0.00481928643594892
0.0352600629564803,0.0221879149753622
0.0536527134923201,0.0637545148253625
-0.00899556290857789,-0.0405156688937213
-0.0121213605323448,-0.018547672355761
-0.0309622256039669,-0.0188982002202295
0.00626961301359541,0.00633916544373569
-0.017336919653277,-0.0223651494595801
0.00791769773678541,-0.00648300487807824
-0.0320540262900835,-0.00162733965937539
0.00487409575824532,0
0.00485045413374946,0.0209516124857782
-0.0411580724935076,-0.0423516060977131
-0.00843886864586463,-0.00667782114260551
-0.00680274732275254,-0.011794576492837
-0.0382655380789537,-0.0170944333593002
-0.0142859572474764,-0.022668799812713
0.0610477231555158,0.0482021018178778
-0.00338983375451152,0.00502934840500202
-0.0188523149792093,-0.0134682170508666
0.0239327662116282,0.0234516610350498
-0.0326209181692662,-0.0302544083578024
0,-0.0051326032265202
-0.0070052825884086,0.00171379647773473
-0.0249123203798962,-0.0260205487018962
-0.0273989741881145,-0.0303323878492354
-0.037740327982847,-0.0201287674306139
0.00575265248944978,0.00552996800946115
-0.0096062218054398,-0.0110906866941582
0.00577479949388382,0.00185701074721278
0.0114505067879954,0.0129034048359079
0.0571584138399487,0.053488684950986
0.0472528848505454,0.0524211303636071
-0.0562538457095215,-0.0524211303636071
-0.00180995524523941,0.00692044284457372
-0.079137320558724,-0.08263226458027
-0.0859424298007246,-0.0900804331070478
0.0273989741881143,0.0282847138385821
0,0.0118813278867527
0.0427328495859681,0.0386148361277796
0,-0.00189573516489916
-0.00199401860686443,-0.00953296065872355
0.029500664396698,0.0301909722791457
0,-0.018762276455523
-0.0355066884569099,-0.0152674721307884
0.0277245480148549,0.0265670273847218
