Date,Value
2006-12-29,1.542
2006-12-28,1.582
2006-12-27,1.588
2006-12-26,1.572
2006-12-22,1.623
2006-12-21,1.642
2006-12-20,1.676
2006-12-19,1.701
2006-12-18,1.662
2006-12-15,1.686
2006-12-14,1.665
2006-12-13,1.617
2006-12-12,1.595
2006-12-11,1.599
2006-12-08,1.621
2006-12-07,1.628
2006-12-06,1.621
2006-12-05,1.636
2006-12-04,1.667
2006-12-01,1.686
2006-11-30,1.819
2006-11-29,1.671
2006-11-28,1.627
2006-11-27,1.594
2006-11-22,1.589
2006-11-21,1.633
2006-11-20,1.554
2006-11-17,1.541
2006-11-16,1.53
2006-11-15,1.582
2006-11-14,1.545
2006-11-13,1.537
2006-11-10,1.563
2006-11-09,1.601
2006-11-08,1.564
2006-11-07,1.524
2006-11-06,1.529
2006-11-03,1.507
2006-11-02,1.453
2006-11-01,1.463
2006-10-31,1.465
2006-10-30,1.456
2006-10-27,1.56
2006-10-26,1.564
2006-10-25,1.592
2006-10-24,1.538
2006-10-23,1.472
2006-10-20,1.467
2006-10-19,1.489
2006-10-18,1.47
2006-10-17,1.463
2006-10-16,1.492
2006-10-13,1.468
2006-10-12,1.451
2006-10-11,1.45
2006-10-10,1.467
2006-10-09,1.495
2006-10-06,1.504
2006-10-05,1.517
2006-10-04,1.498
2006-10-03,1.457
2006-10-02,1.509
2006-09-29,1.549
2006-09-28,1.501
2006-09-27,1.54
2006-09-26,1.492
2006-09-25,1.5
2006-09-22,1.471
2006-09-21,1.499
2006-09-20,1.467
2006-09-19,1.504
2006-09-18,1.58
2006-09-15,1.575
2006-09-14,1.552
2006-09-13,1.553
2006-09-12,1.552
2006-09-11,1.595
2006-09-08,1.609
2006-09-07,1.642
2006-09-06,1.64
2006-09-05,1.647
2006-09-01,1.734
2006-08-31,1.75
2006-08-30,1.802
2006-08-29,1.789
2006-08-28,1.783
2006-08-25,1.895
2006-08-24,1.862
2006-08-23,1.859
2006-08-22,1.939
2006-08-21,1.937
2006-08-18,1.967
2006-08-17,1.932
2006-08-16,1.978
2006-08-15,1.992
2006-08-14,1.991
2006-08-11,2.064
2006-08-10,1.989
2006-08-09,2.172
2006-08-08,2.226
2006-08-07,2.252
2006-08-04,2.232
2006-08-03,2.293
2006-08-02,2.338
2006-08-01,2.276
2006-07-31,2.229
2006-07-28,2.234
2006-07-27,2.296
2006-07-26,2.296
2006-07-25,2.285
2006-07-24,2.314
2006-07-21,2.289
2006-07-20,2.248
2006-07-19,2.23
2006-07-18,2.267
2006-07-17,2.285
2006-07-14,2.325
2006-07-13,2.301
2006-07-12,2.256
2006-07-11,2.193
2006-07-10,2.175
2006-07-07,2.239
2006-07-06,2.259
2006-07-05,2.276
2006-06-30,2.202
2006-06-29,2.295
2006-06-28,2.206
2006-06-27,2.199
2006-06-26,2.179
2006-06-23,2.128
2006-06-22,2.118
2006-06-21,2.066
2006-06-20,2.006
2006-06-19,1.991
2006-06-16,2.038
2006-06-15,2.04
2006-06-14,2.036
2006-06-13,2.052
2006-06-12,2.124
2006-06-09,2.153
2006-06-08,2.102
2006-06-07,2.124
2006-06-06,2.179
2006-06-05,2.164
2006-06-02,2.198
2006-06-01,2.127
2006-05-31,2.141
2006-05-30,2.15
2006-05-26,2.137
2006-05-25,2.104
2006-05-24,2.019
2006-05-23,2.108
2006-05-22,2.057
2006-05-19,2.038
2006-05-18,2.015
2006-05-17,1.975
2006-05-16,2.026
2006-05-15,2.054
2006-05-12,2.179
2006-05-11,2.22
2006-05-10,2.169
2006-05-09,2.047
2006-05-08,2.004
2006-05-05,2.041
2006-05-04,1.995
2006-05-03,2.086
2006-05-02,2.175
2006-05-01,2.147
2006-04-28,2.092
2006-04-27,2.072
2006-04-26,2.134
2006-04-25,2.129
2006-04-24,2.174
2006-04-21,2.238
2006-04-20,2.215
2006-04-19,2.239
2006-04-18,2.224
2006-04-17,2.17
2006-04-13,2.108
2006-04-12,2.091
2006-04-11,2.054
2006-04-10,2.009
2006-04-07,1.977
2006-04-06,2
2006-04-05,1.947
2006-04-04,1.896
2006-04-03,1.863
2006-03-31,1.946
2006-03-30,1.996
2006-03-29,1.954
2006-03-28,1.885
2006-03-27,1.829
2006-03-24,1.823
2006-03-23,1.816
2006-03-22,1.737
2006-03-21,1.84
2006-03-20,1.83
2006-03-17,1.86
2006-03-16,1.874
2006-03-15,1.829
2006-03-14,1.866
2006-03-13,1.743
2006-03-10,1.688
2006-03-09,1.72
2006-03-08,1.65
2006-03-07,1.633
2006-03-06,1.656
2006-03-03,1.743
2006-03-02,1.693
2006-03-01,1.622
2006-02-28,1.556
2006-02-27,1.525
2006-02-24,1.551
2006-02-23,1.513
2006-02-22,1.475
2006-02-21,1.476
2006-02-17,1.503
2006-02-16,1.412
2006-02-15,1.385
2006-02-14,1.385
2006-02-13,1.431
2006-02-10,1.462
2006-02-09,1.514
2006-02-08,1.548
2006-02-07,1.594
2006-02-06,1.644
2006-02-03,1.682
2006-02-02,1.666
2006-02-01,1.729
2006-01-31,1.726
2006-01-30,1.775
2006-01-27,1.736
2006-01-26,1.684
2006-01-25,1.665
2006-01-24,1.744
2006-01-23,1.793
2006-01-20,1.817
2006-01-19,1.776
2006-01-18,1.773
2006-01-17,1.823
2006-01-13,1.731
2006-01-12,1.719
2006-01-11,1.733
2006-01-10,1.737
2006-01-09,1.768
2006-01-06,1.816
2006-01-05,1.787
2006-01-04,1.785
2006-01-03,1.751
2005-12-30,1.71
2005-12-29,1.652
2005-12-28,1.591
2005-12-27,1.513
2005-12-23,1.551
2005-12-22,1.541
2005-12-21,1.536
2005-12-20,1.509
2005-12-19,1.527
2005-12-16,1.569
2005-12-15,1.617
2005-12-14,1.641
2005-12-13,1.646
2005-12-12,1.647
2005-12-09,1.605
2005-12-08,1.627
2005-12-07,1.568
2005-12-06,1.584
2005-12-05,1.59
2005-12-02,1.611
2005-12-01,1.563
2005-11-30,1.425
2005-11-29,1.395
2005-11-28,1.418
2005-11-23,1.458
2005-11-22,1.488
2005-11-21,1.457
2005-11-18,1.462
2005-11-17,1.46
2005-11-16,1.483
2005-11-15,1.456
2005-11-14,1.496
2005-11-11,1.485
2005-11-10,1.507
2005-11-09,1.551
2005-11-08,1.562
2005-11-07,1.556
2005-11-04,1.608
2005-11-03,1.627
2005-11-02,1.569
2005-11-01,1.604
2005-10-31,1.526
2005-10-28,1.624
2005-10-27,1.593
2005-10-26,1.585
2005-10-25,1.654
2005-10-24,1.582
2005-10-21,1.64
2005-10-20,1.613
2005-10-19,1.676
2005-10-18,1.735
2005-10-17,1.815
2005-10-14,1.749
2005-10-13,1.758
2005-10-12,1.828
2005-10-11,1.833
2005-10-10,1.801
2005-10-07,1.829
2005-10-06,1.841
2005-10-05,1.908
2005-10-04,2.016
2005-10-03,2.062
2005-09-30,2.138
2005-09-29,2.252
2005-09-28,2.339
2005-09-27,2.166
2005-09-26,2.129
2005-09-23,2.086
2005-09-22,2.139
2005-09-21,2.053
2005-09-20,1.977
2005-09-19,2.043
2005-09-16,1.785
2005-09-15,1.899
2005-09-14,1.937
2005-09-13,1.892
2005-09-12,1.874
2005-09-09,1.96
2005-09-08,2.036
2005-09-07,2.022
2005-09-06,2.055
2005-09-02,2.184
2005-09-01,2.409
2005-08-31,2.615
2005-08-30,2.475
2005-08-29,2.061
2005-08-26,1.927
2005-08-25,1.964
2005-08-24,1.926
2005-08-23,1.858
2005-08-22,1.862
2005-08-19,1.904
2005-08-18,1.863
2005-08-17,1.891
2005-08-16,1.984
2005-08-15,1.962
2005-08-12,2.005
2005-08-11,1.95
2005-08-10,1.896
2005-08-09,1.822
2005-08-08,1.857
2005-08-05,1.832
2005-08-04,1.802
2005-08-03,1.771
2005-08-02,1.782
2005-08-01,1.747
2005-07-29,1.739
2005-07-28,1.722
2005-07-27,1.716
2005-07-26,1.696
2005-07-25,1.706
2005-07-22,1.728
2005-07-21,1.681
2005-07-20,1.676
2005-07-19,1.674
2005-07-18,1.647
2005-07-15,1.688
2005-07-14,1.694
2005-07-13,1.754
2005-07-12,1.775
2005-07-11,1.732
2005-07-08,1.763
2005-07-07,1.806
2005-07-06,1.79
2005-07-05,1.682
2005-07-01,1.649
2005-06-30,1.572
2005-06-29,1.585
2005-06-28,1.625
2005-06-27,1.675
2005-06-24,1.656
2005-06-23,1.657
2005-06-22,1.613
2005-06-21,1.627
2005-06-20,1.646
2005-06-17,1.647
2005-06-16,1.598
2005-06-15,1.563
2005-06-14,1.541
2005-06-13,1.554
2005-06-10,1.544
2005-06-09,1.571
2005-06-08,1.498
2005-06-07,1.516
2005-06-06,1.53
2005-06-03,1.557
2005-06-02,1.515
2005-06-01,1.544
2005-05-31,1.469
2005-05-27,1.475
2005-05-26,1.448
2005-05-25,1.452
2005-05-24,1.427
2005-05-23,1.399
2005-05-20,1.419
2005-05-19,1.436
2005-05-18,1.414
2005-05-17,1.435
2005-05-16,1.405
2005-05-13,1.412
2005-05-12,1.432
2005-05-11,1.482
2005-05-10,1.51
2005-05-09,1.487
2005-05-06,1.476
2005-05-05,1.479
2005-05-04,1.466
2005-05-03,1.459
2005-05-02,1.515
2005-04-29,1.493
2005-04-28,1.549
2005-04-27,1.542
2005-04-26,1.625
2005-04-25,1.651
2005-04-22,1.652
2005-04-21,1.62
2005-04-20,1.581
2005-04-19,1.57
2005-04-18,1.494
2005-04-15,1.484
2005-04-14,1.504
2005-04-13,1.484
2005-04-12,1.534
2005-04-11,1.55
2005-04-08,1.537
2005-04-07,1.568
2005-04-06,1.659
2005-04-05,1.688
2005-04-04,1.722
2005-04-01,1.731
2005-03-31,1.655
2005-03-30,1.596
2005-03-29,1.573
2005-03-28,1.573
2005-03-24,1.599
2005-03-23,1.575
2005-03-22,1.575
2005-03-21,1.596
2005-03-18,1.576
2005-03-17,1.562
2005-03-16,1.548
2005-03-15,1.507
2005-03-14,1.507
2005-03-11,1.518
2005-03-10,1.483
2005-03-09,1.533
2005-03-08,1.535
2005-03-07,1.505
2005-03-04,1.509
2005-03-03,1.508
2005-03-02,1.484
2005-03-01,1.403
2005-02-28,1.246
2005-02-25,1.255
2005-02-24,1.284
2005-02-23,1.311
2005-02-22,1.309
2005-02-18,1.263
2005-02-17,1.237
2005-02-16,1.283
2005-02-15,1.256
2005-02-14,1.278
2005-02-11,1.284
2005-02-10,1.295
2005-02-09,1.237
2005-02-08,1.216
2005-02-07,1.212
2005-02-04,1.261
2005-02-03,1.268
2005-02-02,1.294
2005-02-01,1.315
2005-01-31,1.318
2005-01-28,1.308
2005-01-27,1.352
2005-01-26,1.359
2005-01-25,1.345
2005-01-24,1.299
2005-01-21,1.3
2005-01-20,1.258
2005-01-19,1.263
2005-01-18,1.262
2005-01-14,1.276
2005-01-13,1.255
2005-01-12,1.219
2005-01-11,1.21
2005-01-10,1.208
2005-01-07,1.214
2005-01-06,1.223
2005-01-05,1.171
2005-01-04,1.172
2005-01-03,1.132
2004-12-30,1.089
2004-12-29,1.084
2004-12-28,1.046
2004-12-27,1.041
2004-12-23,1.129
2004-12-22,1.146
2004-12-21,1.167
2004-12-20,1.152
2004-12-17,1.19
2004-12-16,1.138
2004-12-15,1.162
2004-12-14,1.11
2004-12-13,1.101
2004-12-10,1.08
2004-12-09,1.111
2004-12-08,1.088
2004-12-07,1.087
2004-12-06,1.13
2004-12-03,1.135
2004-12-02,1.141
2004-12-01,1.201
2004-11-30,1.264
2004-11-29,1.303
2004-11-24,1.296
2004-11-23,1.306
2004-11-22,1.289
2004-11-19,1.311
2004-11-18,1.238
2004-11-17,1.256
2004-11-16,1.222
2004-11-15,1.238
2004-11-12,1.257
2004-11-11,1.244
2004-11-10,1.285
2004-11-09,1.234
2004-11-08,1.275
2004-11-05,1.287
2004-11-04,1.277
2004-11-03,1.328
2004-11-02,1.288
2004-11-01,1.291
2004-10-29,1.315
2004-10-28,1.293
2004-10-27,1.336
2004-10-26,1.413
2004-10-25,1.398
2004-10-22,1.438
2004-10-21,1.412
2004-10-20,1.403
2004-10-19,1.357
2004-10-18,1.35
2004-10-15,1.409
2004-10-14,1.42
2004-10-13,1.408
2004-10-12,1.38
2004-10-11,1.405
2004-10-08,1.412
2004-10-07,1.402
2004-10-06,1.388
2004-10-05,1.367
2004-10-04,1.337
2004-10-01,1.352
2004-09-30,1.344
2004-09-29,1.336
2004-09-28,1.358
2004-09-27,1.346
2004-09-24,1.348
2004-09-23,1.343
2004-09-22,1.343
2004-09-21,1.29
2004-09-20,1.275
2004-09-17,1.27
2004-09-16,1.226
2004-09-15,1.214
2004-09-14,1.24
2004-09-13,1.201
2004-09-10,1.164
2004-09-09,1.225
2004-09-08,1.182
2004-09-07,1.179
2004-09-03,1.207
2004-09-02,1.193
2004-09-01,1.189
2004-08-31,1.129
2004-08-30,1.14
2004-08-27,1.177
2004-08-26,1.163
2004-08-25,1.195
2004-08-24,1.26
2004-08-23,1.258
2004-08-20,1.267
2004-08-19,1.324
2004-08-18,1.297
2004-08-17,1.306
2004-08-16,1.305
2004-08-13,1.347
2004-08-12,1.298
2004-08-11,1.262
2004-08-10,1.235
2004-08-09,1.24
2004-08-06,1.235
2004-08-05,1.244
2004-08-04,1.203
2004-08-03,1.287
2004-08-02,1.286
2004-07-30,1.3
2004-07-29,1.275
2004-07-28,1.295
2004-07-27,1.244
2004-07-26,1.247
2004-07-23,1.279
2004-07-22,1.257
2004-07-21,1.243
2004-07-20,1.246
2004-07-19,1.292
2004-07-16,1.301
2004-07-15,1.32
2004-07-14,1.316
2004-07-13,1.285
2004-07-12,1.3
2004-07-09,1.322
2004-07-08,1.328
2004-07-07,1.274
2004-07-06,1.272
2004-07-02,1.244
2004-07-01,1.226
2004-06-30,1.156
2004-06-29,1.124
2004-06-28,1.145
2004-06-25,1.206
2004-06-24,1.222
2004-06-23,1.202
2004-06-22,1.199
2004-06-21,1.162
2004-06-18,1.197
2004-06-17,1.187
2004-06-16,1.146
2004-06-15,1.15
2004-06-14,1.153
2004-06-10,1.188
2004-06-09,1.167
2004-06-08,1.166
2004-06-07,1.201
2004-06-04,1.178
2004-06-03,1.235
2004-06-02,1.282
2004-06-01,1.353
2004-05-28,1.437
2004-05-27,1.385
2004-05-26,1.419
2004-05-25,1.417
2004-05-24,1.458
2004-05-21,1.417
2004-05-20,1.45
2004-05-19,1.45
2004-05-18,1.387
2004-05-17,1.417
2004-05-14,1.41
2004-05-13,1.401
2004-05-12,1.374
2004-05-11,1.322
2004-05-10,1.296
2004-05-07,1.339
2004-05-06,1.312
2004-05-05,1.313
2004-05-04,1.306
2004-05-03,1.262
2004-04-30,1.247
2004-04-29,1.244
2004-04-28,1.227
2004-04-27,1.207
2004-04-26,1.182
2004-04-23,1.165
2004-04-22,1.182
2004-04-21,1.134
2004-04-20,1.158
2004-04-19,1.165
2004-04-16,1.171
2004-04-15,1.179
2004-04-14,1.155
2004-04-13,1.156
2004-04-12,1.18
2004-04-08,1.151
2004-04-07,1.113
2004-04-06,1.073
2004-04-05,1.059
2004-04-02,1.072
2004-04-01,1.076
2004-03-31,1.124
2004-03-30,1.156
2004-03-29,1.118
2004-03-26,1.129
2004-03-25,1.105
2004-03-24,1.146
2004-03-23,1.147
2004-03-22,1.129
2004-03-19,1.156
2004-03-18,1.153
2004-03-17,1.158
2004-03-16,1.126
2004-03-15,1.132
2004-03-12,1.097
2004-03-11,1.12
2004-03-10,1.07
2004-03-09,1.059
2004-03-08,1.084
2004-03-05,1.125
2004-03-04,1.105
2004-03-03,1.096
2004-03-02,1.143
2004-03-01,1.147
2004-02-27,1.095
2004-02-26,1.077
2004-02-25,1.059
2004-02-24,1.024
2004-02-23,1.028
2004-02-20,1.031
2004-02-19,1.057
2004-02-18,1.05
2004-02-17,1.052
2004-02-13,1.032
2004-02-12,1.006
2004-02-11,1.008
2004-02-10,1.011
2004-02-09,0.968
2004-02-06,0.962
2004-02-05,1.006
2004-02-04,0.986
2004-02-03,1.002
2004-02-02,1.017
2004-01-30,0.98
2004-01-29,0.991
2004-01-28,0.987
2004-01-27,0.988
2004-01-26,1.003
2004-01-23,1.037
2004-01-22,1.055
2004-01-21,1.02
2004-01-20,1.016
2004-01-16,0.995
2004-01-15,0.933
2004-01-14,0.991
2004-01-13,0.998
2004-01-12,1.016
2004-01-09,1.024
2004-01-08,0.99
2004-01-07,0.961
2004-01-06,0.966
2004-01-05,0.977
2003-12-31,0.949
2003-12-30,0.95
2003-12-29,0.912
2003-12-24,0.914
2003-12-23,0.891
2003-12-22,0.872
2003-12-19,0.907
2003-12-18,0.927
2003-12-17,0.919
2003-12-16,0.903
2003-12-15,0.903
2003-12-12,0.9
2003-12-11,0.864
2003-12-10,0.867
2003-12-09,0.865
2003-12-08,0.873
2003-12-05,0.851
2003-12-04,0.86
2003-12-03,0.856
2003-12-02,0.842
2003-12-01,0.822
2003-11-26,0.837
2003-11-25,0.824
2003-11-24,0.835
2003-11-21,0.879
2003-11-20,0.881
2003-11-19,0.904
2003-11-18,0.916
2003-11-17,0.87
2003-11-14,0.892
2003-11-13,0.869
2003-11-12,0.854
2003-11-11,0.844
2003-11-10,0.824
2003-11-07,0.833
2003-11-06,0.814
2003-11-05,0.824
2003-11-04,0.784
2003-11-03,0.787
2003-10-31,0.803
2003-10-30,0.8
2003-10-29,0.831
2003-10-28,0.83
2003-10-27,0.828
2003-10-24,0.837
2003-10-23,0.836
2003-10-22,0.821
2003-10-21,0.849
2003-10-20,0.859
2003-10-17,0.849
2003-10-16,0.876
2003-10-15,0.884
2003-10-14,0.89
2003-10-13,0.877
2003-10-10,0.891
2003-10-09,0.882
2003-10-08,0.831
2003-10-07,0.836
2003-10-06,0.843
2003-10-03,0.851
2003-10-02,0.821
2003-10-01,0.805
2003-09-30,0.887
2003-09-29,0.845
2003-09-26,0.887
2003-09-25,0.876
2003-09-24,0.865
2003-09-23,0.81
2003-09-22,0.8
2003-09-19,0.787
2003-09-18,0.802
2003-09-17,0.795
2003-09-16,0.835
2003-09-15,0.859
2003-09-12,0.845
2003-09-11,0.846
2003-09-10,0.879
2003-09-09,0.883
2003-09-08,0.863
2003-09-05,0.862
2003-09-04,0.853
2003-09-03,0.841
2003-09-02,0.847
2003-08-29,1.093
2003-08-28,1.051
2003-08-27,1.031
2003-08-26,1.08
2003-08-25,1.116
2003-08-22,1.093
2003-08-21,1.099
2003-08-20,1.004
2003-08-19,0.988
2003-08-18,0.988
2003-08-15,0.999
2003-08-14,0.976
2003-08-13,0.948
2003-08-12,0.956
2003-08-11,0.941
2003-08-08,0.955
2003-08-07,0.964
2003-08-06,0.947
2003-08-05,0.954
2003-08-04,0.927
2003-08-01,0.943
2003-07-31,0.902
2003-07-30,0.909
2003-07-29,0.888
2003-07-28,0.894
2003-07-25,0.899
2003-07-24,0.898
2003-07-23,0.896
2003-07-22,0.888
2003-07-21,0.932
2003-07-18,0.921
2003-07-17,0.891
2003-07-16,0.89
2003-07-15,0.932
2003-07-14,0.942
2003-07-11,0.945
2003-07-10,0.93
2003-07-09,0.94
2003-07-08,0.905
2003-07-07,0.886
2003-07-03,0.884
2003-07-02,0.88
2003-07-01,0.882
2003-06-30,0.87
2003-06-27,0.848
2003-06-26,0.833
2003-06-25,0.856
2003-06-24,0.826
2003-06-23,0.841
2003-06-20,0.852
2003-06-19,0.824
2003-06-18,0.837
2003-06-17,0.85
2003-06-16,0.849
2003-06-13,0.859
2003-06-12,0.891
2003-06-11,0.934
2003-06-10,0.917
2003-06-09,0.897
2003-06-06,0.894
2003-06-05,0.885
2003-06-04,0.864
2003-06-03,0.888
2003-06-02,0.887
2003-05-30,0.868
2003-05-29,0.862
2003-05-28,0.878
2003-05-27,0.895
2003-05-23,0.907
2003-05-22,0.893
2003-05-21,0.868
2003-05-20,0.85
2003-05-19,0.854
2003-05-16,0.879
2003-05-15,0.867
2003-05-14,0.874
2003-05-13,0.845
2003-05-12,0.814
2003-05-09,0.834
2003-05-08,0.808
2003-05-07,0.78
2003-05-06,0.769
2003-05-05,0.792
2003-05-02,0.768
2003-05-01,0.79
2003-04-30,0.843
2003-04-29,0.829
2003-04-28,0.842
2003-04-25,0.884
2003-04-24,0.879
2003-04-23,0.848
2003-04-22,0.877
2003-04-21,0.91
2003-04-17,0.907
2003-04-16,0.873
2003-04-15,0.859
2003-04-14,0.849
2003-04-11,0.85
2003-04-10,0.835
2003-04-09,0.876
2003-04-08,0.838
2003-04-07,0.843
2003-04-04,0.87
2003-04-03,0.872
2003-04-02,0.864
2003-04-01,0.914
2003-03-31,0.944
2003-03-28,0.954
2003-03-27,0.975
2003-03-26,0.924
2003-03-25,0.885
2003-03-24,0.898
2003-03-21,0.853
2003-03-20,0.91
2003-03-19,0.943
2003-03-18,0.962
2003-03-17,1.027
2003-03-14,1.04
2003-03-13,1.058
2003-03-12,1.114
2003-03-11,1.099
2003-03-10,1.128
2003-03-07,1.157
2003-03-06,1.106
2003-03-05,1.101
2003-03-04,1.112
2003-03-03,1.095
2003-02-28,1.038
2003-02-27,1.018
2003-02-26,1.018
2003-02-25,1.008
2003-02-24,1.048
2003-02-21,1.013
2003-02-20,0.966
2003-02-19,1.002
2003-02-18,0.995
2003-02-14,1.022
2003-02-13,1.031
2003-02-12,1.034
2003-02-11,1.056
2003-02-10,1.028
2003-02-07,1.067
2003-02-06,1.028
2003-02-05,1.032
2003-02-04,1.001
2003-02-03,0.957
2003-01-31,0.976
2003-01-30,0.987
2003-01-29,0.971
2003-01-28,0.927
2003-01-27,0.902
2003-01-24,0.923
2003-01-23,0.898
2003-01-22,0.899
2003-01-21,0.901
2003-01-17,0.911
2003-01-16,0.908
2003-01-15,0.904
2003-01-14,0.892
2003-01-13,0.899
2003-01-10,0.872
2003-01-09,0.893
2003-01-08,0.835
2003-01-07,0.842
2003-01-06,0.882
2003-01-03,0.919
2003-01-02,0.883
2002-12-31,0.865
2002-12-30,0.879
2002-12-27,0.933
2002-12-26,0.93
2002-12-24,0.928
2002-12-23,0.919
2002-12-20,0.879
2002-12-19,0.878
2002-12-18,0.875
2002-12-17,0.854
2002-12-16,0.879
2002-12-13,0.84
2002-12-12,0.807
2002-12-11,0.774
2002-12-10,0.789
2002-12-09,0.762
2002-12-06,0.74
2002-12-05,0.753
2002-12-04,0.729
2002-12-03,0.753
2002-12-02,0.744
2002-11-27,0.734
2002-11-26,0.725
2002-11-25,0.716
2002-11-22,0.749
2002-11-21,0.724
2002-11-20,0.713
2002-11-19,0.702
2002-11-18,0.719
2002-11-15,0.697
2002-11-14,0.698
2002-11-13,0.685
2002-11-12,0.698
2002-11-11,0.71
2002-11-08,0.713
2002-11-07,0.701
2002-11-06,0.718
2002-11-05,0.741
2002-11-04,0.774
2002-11-01,0.765
2002-10-31,0.864
2002-10-30,0.828
2002-10-29,0.823
2002-10-28,0.853
2002-10-25,0.861
2002-10-24,0.842
2002-10-23,0.814
2002-10-22,0.799
2002-10-21,0.81
2002-10-18,0.852
2002-10-17,0.84
2002-10-16,0.839
2002-10-15,0.84
2002-10-14,0.85
2002-10-11,0.82
2002-10-10,0.805
2002-10-09,0.82
2002-10-08,0.824
2002-10-07,0.805
2002-10-04,0.797
2002-10-03,0.803
2002-10-02,0.825
2002-10-01,0.827
2002-09-30,0.814
2002-09-27,0.814
2002-09-26,0.808
2002-09-25,0.817
2002-09-24,0.829
2002-09-23,0.843
2002-09-20,0.814
2002-09-19,0.801
2002-09-18,0.798
2002-09-17,0.776
2002-09-16,0.794
2002-09-13,0.806
2002-09-12,0.785
2002-09-11,0.806
2002-09-10,0.799
2002-09-09,0.79
2002-09-06,0.786
2002-09-05,0.777
2002-09-04,0.762
2002-09-03,0.745
2002-08-30,0.814
2002-08-29,0.813
2002-08-28,0.802
2002-08-27,0.818
2002-08-26,0.821
2002-08-23,0.795
2002-08-22,0.797
2002-08-21,0.807
2002-08-20,0.8
2002-08-19,0.791
2002-08-16,0.792
2002-08-15,0.798
2002-08-14,0.776
2002-08-13,0.774
2002-08-12,0.778
2002-08-09,0.755
2002-08-08,0.755
2002-08-07,0.755
2002-08-06,0.775
2002-08-05,0.768
2002-08-02,0.775
2002-08-01,0.762
2002-07-31,0.83
2002-07-30,0.856
2002-07-29,0.832
2002-07-26,0.822
2002-07-25,0.822
2002-07-24,0.823
2002-07-23,0.795
2002-07-22,0.811
2002-07-19,0.839
2002-07-18,0.834
2002-07-17,0.848
2002-07-16,0.845
2002-07-15,0.809
2002-07-12,0.824
2002-07-11,0.798
2002-07-10,0.79
2002-07-09,0.77
2002-07-08,0.761
2002-07-03,0.786
2002-07-02,0.79
2002-07-01,0.792
2002-06-28,0.794
2002-06-27,0.794
2002-06-26,0.785
2002-06-25,0.773
2002-06-24,0.778
2002-06-21,0.756
2002-06-20,0.77
2002-06-19,0.768
2002-06-18,0.777
2002-06-17,0.791
2002-06-14,0.787
2002-06-13,0.779
2002-06-12,0.751
2002-06-11,0.733
2002-06-10,0.738
2002-06-07,0.751
2002-06-06,0.757
2002-06-05,0.751
2002-06-04,0.753
2002-06-03,0.746
2002-05-31,0.738
2002-05-30,0.734
2002-05-29,0.772
2002-05-28,0.759
2002-05-24,0.79
2002-05-23,0.788
2002-05-22,0.797
2002-05-21,0.784
2002-05-20,0.806
2002-05-17,0.804
2002-05-16,0.795
2002-05-15,0.788
2002-05-14,0.826
2002-05-13,0.797
2002-05-10,0.791
2002-05-09,0.775
2002-05-08,0.788
2002-05-07,0.783
2002-05-06,0.775
2002-05-03,0.788
2002-05-02,0.785
2002-05-01,0.805
2002-04-30,0.823
2002-04-29,0.834
2002-04-26,0.814
2002-04-25,0.794
2002-04-24,0.788
2002-04-23,0.802
2002-04-22,0.79
2002-04-19,0.804
2002-04-18,0.811
2002-04-17,0.808
2002-04-16,0.793
2002-04-15,0.786
2002-04-12,0.73
2002-04-11,0.789
2002-04-10,0.834
2002-04-09,0.834
2002-04-08,0.842
2002-04-05,0.817
2002-04-04,0.823
2002-04-03,0.848
2002-04-02,0.87
2002-04-01,0.849
2002-03-28,0.825
2002-03-27,0.821
2002-03-26,0.801
2002-03-25,0.788
2002-03-22,0.801
2002-03-21,0.829
2002-03-20,0.819
2002-03-19,0.832
2002-03-18,0.834
2002-03-15,0.809
2002-03-14,0.8
2002-03-13,0.792
2002-03-12,0.785
2002-03-11,0.791
2002-03-08,0.768
2002-03-07,0.764
2002-03-06,0.74
2002-03-05,0.731
2002-03-04,0.707
2002-03-01,0.706
2002-02-28,0.581
2002-02-27,0.584
2002-02-26,0.573
2002-02-25,0.562
2002-02-22,0.587
2002-02-21,0.584
2002-02-20,0.574
2002-02-19,0.593
2002-02-15,0.611
2002-02-14,0.603
2002-02-13,0.609
2002-02-12,0.602
2002-02-11,0.62
2002-02-08,0.588
2002-02-07,0.57
2002-02-06,0.571
2002-02-05,0.585
2002-02-04,0.593
2002-02-01,0.603
2002-01-31,0.559
2002-01-30,0.553
2002-01-29,0.567
2002-01-28,0.581
2002-01-25,0.583
2002-01-24,0.569
2002-01-23,0.564
2002-01-22,0.548
2002-01-18,0.539
2002-01-17,0.536
2002-01-16,0.559
2002-01-15,0.552
2002-01-14,0.551
2002-01-11,0.573
2002-01-10,0.59
2002-01-09,0.581
2002-01-08,0.61
2002-01-07,0.623
2002-01-04,0.628
2002-01-03,0.605
2002-01-02,0.611
2001-12-31,0.573
2001-12-28,0.586
2001-12-27,0.593
2001-12-26,0.601
2001-12-21,0.559
2001-12-20,0.55
2001-12-19,0.558
2001-12-18,0.55
2001-12-17,0.546
2001-12-14,0.55
2001-12-13,0.521
2001-12-12,0.517
2001-12-11,0.506
2001-12-10,0.511
2001-12-07,0.525
2001-12-06,0.518
2001-12-05,0.542
2001-12-04,0.55
2001-12-03,0.56
2001-11-30,0.534
2001-11-29,0.52
2001-11-28,0.528
2001-11-27,0.538
2001-11-26,0.522
2001-11-21,0.527
2001-11-20,0.528
2001-11-19,0.508
2001-11-16,0.502
2001-11-15,0.488
2001-11-14,0.534
2001-11-13,0.58
2001-11-12,0.576
2001-11-09,0.607
2001-11-08,0.576
2001-11-07,0.546
2001-11-06,0.539
2001-11-05,0.538
2001-11-02,0.544
2001-11-01,0.541
2001-10-31,0.552
2001-10-30,0.569
2001-10-29,0.584
2001-10-26,0.583
2001-10-25,0.586
2001-10-24,0.604
2001-10-23,0.59
2001-10-22,0.598
2001-10-19,0.595
2001-10-18,0.567
2001-10-17,0.58
2001-10-16,0.59
2001-10-15,0.597
2001-10-12,0.601
2001-10-11,0.627
2001-10-10,0.614
2001-10-09,0.614
2001-10-08,0.615
2001-10-05,0.619
2001-10-04,0.633
2001-10-03,0.629
2001-10-02,0.641
2001-10-01,0.653
2001-09-28,0.68
2001-09-27,0.638
2001-09-26,0.624
2001-09-25,0.621
2001-09-24,0.636
2001-09-21,0.722
2001-09-20,0.743
2001-09-19,0.753
2001-09-18,0.793
2001-09-17,0.832
2001-09-14,0.825
2001-09-10,0.819
2001-09-07,0.825
2001-09-06,0.808
2001-09-05,0.788
2001-09-04,0.768
2001-08-31,0.806
2001-08-30,0.797
2001-08-29,0.83
2001-08-28,0.845
2001-08-27,0.838
2001-08-24,0.836
2001-08-23,0.789
2001-08-22,0.783
2001-08-21,0.784
2001-08-20,0.743
2001-08-17,0.74
2001-08-16,0.775
2001-08-15,0.792
2001-08-14,0.813
2001-08-13,0.802
2001-08-10,0.799
2001-08-09,0.779
2001-08-08,0.769
2001-08-07,0.779
2001-08-06,0.775
2001-08-03,0.777
2001-08-02,0.776
2001-08-01,0.745
2001-07-31,0.732
2001-07-30,0.751
2001-07-27,0.758
2001-07-26,0.764
2001-07-25,0.751
2001-07-24,0.721
2001-07-23,0.713
2001-07-20,0.724
2001-07-19,0.702
2001-07-18,0.718
2001-07-17,0.742
2001-07-16,0.744
2001-07-13,0.734
2001-07-12,0.753
2001-07-11,0.731
2001-07-10,0.727
2001-07-09,0.749
2001-07-06,0.757
2001-07-05,0.729
2001-07-03,0.722
2001-07-02,0.715
2001-06-29,0.721
2001-06-28,0.718
2001-06-27,0.714
2001-06-26,0.778
2001-06-25,0.79
2001-06-22,0.775
2001-06-21,0.771
2001-06-20,0.79
2001-06-19,0.854
2001-06-18,0.852
2001-06-15,0.873
2001-06-14,0.872
2001-06-13,0.873
2001-06-12,0.895
2001-06-11,0.883
2001-06-08,0.888
2001-06-07,0.889
2001-06-06,0.88
2001-06-05,0.905
2001-06-04,0.908
2001-06-01,0.933
2001-05-31,1.063
2001-05-30,1.041
2001-05-29,1.076
2001-05-25,1.106
2001-05-24,1.117
2001-05-23,1.159
2001-05-22,1.108
2001-05-21,1.1
2001-05-18,1.069
2001-05-17,1.021
2001-05-16,0.988
2001-05-15,1.004
2001-05-14,1.01
2001-05-11,1.05
2001-05-10,1.074
2001-05-09,1.077
2001-05-08,1.044
2001-05-07,1.062
2001-05-04,1.084
2001-05-03,1.071
2001-05-02,1.03
2001-05-01,1.058
2001-04-30,1.13
2001-04-27,1.125
2001-04-26,1.104
2001-04-25,1.08
2001-04-24,1.069
2001-04-23,1.069
2001-04-20,1.061
2001-04-19,1.069
2001-04-18,1.061
2001-04-17,1.05
2001-04-16,1.043
2001-04-12,1.023
2001-04-11,1.024
2001-04-10,1.025
2001-04-09,0.991
2001-04-06,0.969
2001-04-05,0.972
2001-04-04,0.972
2001-04-03,0.932
2001-04-02,0.898
2001-03-30,0.921
2001-03-29,0.919
2001-03-28,0.91
2001-03-27,0.94
2001-03-26,0.933
2001-03-23,0.926
2001-03-22,0.91
2001-03-21,0.902
2001-03-20,0.858
2001-03-19,0.86
2001-03-16,0.874
2001-03-15,0.868
2001-03-14,0.867
2001-03-13,0.886
2001-03-12,0.893
2001-03-09,0.888
2001-03-08,0.904
2001-03-07,0.916
2001-03-06,0.892
2001-03-05,0.882
2001-03-02,0.874
2001-03-01,0.867
2001-02-28,0.793
2001-02-27,0.841
2001-02-26,0.84
2001-02-23,0.845
2001-02-22,0.825
2001-02-21,0.832
2001-02-20,0.848
2001-02-16,0.865
2001-02-15,0.854
2001-02-14,0.88
2001-02-13,0.887
2001-02-12,0.893
2001-02-09,0.901
2001-02-08,0.93
2001-02-07,0.923
2001-02-06,0.887
2001-02-05,0.886
2001-02-02,0.895
2001-02-01,0.85
2001-01-31,0.854
2001-01-30,0.882
2001-01-29,0.875
2001-01-26,0.886
2001-01-25,0.879
2001-01-24,0.873
2001-01-23,0.876
2001-01-22,0.876
2001-01-19,0.881
2001-01-18,0.858
2001-01-17,0.858
2001-01-16,0.878
2001-01-12,0.901
2001-01-11,0.889
2001-01-10,0.883
2001-01-09,0.829
2001-01-08,0.831
2001-01-05,0.821
2001-01-04,0.819
2001-01-03,0.81
2001-01-02,0.795
2000-12-29,0.786
2000-12-28,0.755
2000-12-27,0.753
2000-12-26,0.76
2000-12-22,0.741
2000-12-21,0.741
2000-12-20,0.726
2000-12-19,0.77
2000-12-18,0.776
2000-12-15,0.757
2000-12-14,0.745
2000-12-13,0.756
2000-12-12,0.765
2000-12-11,0.765
2000-12-08,0.737
2000-12-07,0.767
2000-12-06,0.782
2000-12-05,0.762
2000-12-04,0.802
2000-12-01,0.824
2000-11-30,0.888
2000-11-29,0.907
2000-11-28,0.879
2000-11-27,0.906
2000-11-22,0.92
2000-11-21,0.917
2000-11-20,0.92
2000-11-17,0.918
2000-11-16,0.923
2000-11-15,0.919
2000-11-14,0.892
2000-11-13,0.885
2000-11-10,0.87
2000-11-09,0.877
2000-11-08,0.874
2000-11-07,0.891
2000-11-06,0.882
2000-11-03,0.87
2000-11-02,0.869
2000-11-01,0.884
2000-10-31,0.936
2000-10-30,0.954
2000-10-27,0.96
2000-10-26,0.996
2000-10-25,0.99
2000-10-24,0.99
2000-10-23,0.972
2000-10-20,0.958
2000-10-19,0.937
2000-10-18,0.942
2000-10-17,0.921
2000-10-16,0.929
2000-10-13,0.966
2000-10-12,0.998
2000-10-11,0.924
2000-10-10,0.914
2000-10-09,0.869
2000-10-06,0.845
2000-10-05,0.835
2000-10-04,0.849
2000-10-03,0.881
2000-10-02,0.883
2000-09-29,0.869
2000-09-28,0.867
2000-09-27,0.921
2000-09-26,0.93
2000-09-25,0.927
2000-09-22,0.94
2000-09-21,0.984
2000-09-20,0.985
2000-09-19,0.963
2000-09-18,0.97
2000-09-15,0.967
2000-09-14,0.939
2000-09-13,0.933
2000-09-12,0.939
2000-09-11,0.974
2000-09-08,0.951
2000-09-07,1.004
2000-09-06,0.998
2000-09-05,0.967
2000-09-01,0.959
2000-08-31,1.011
2000-08-30,1
2000-08-29,0.973
2000-08-28,0.978
2000-08-25,0.954
2000-08-24,0.95
2000-08-23,0.946
2000-08-22,0.933
2000-08-21,0.959
2000-08-18,0.943
2000-08-17,0.945
2000-08-16,0.93
2000-08-15,0.919
2000-08-14,0.92
2000-08-11,0.912
2000-08-10,0.926
2000-08-09,0.882
2000-08-08,0.863
2000-08-07,0.848
2000-08-04,0.876
2000-08-03,0.859
2000-08-02,0.869
2000-08-01,0.872
2000-07-31,0.977
2000-07-28,0.95
2000-07-27,0.913
2000-07-26,0.893
2000-07-25,0.871
2000-07-24,0.862
2000-07-21,0.913
2000-07-20,0.959
2000-07-19,0.976
2000-07-18,0.981
2000-07-17,0.96
2000-07-14,0.963
2000-07-13,0.972
2000-07-12,0.963
2000-07-11,0.961
2000-07-10,0.949
2000-07-07,0.926
2000-07-06,0.92
2000-07-05,0.961
2000-06-30,1.038
2000-06-29,1.051
2000-06-28,1.034
2000-06-27,1.065
2000-06-26,1.052
2000-06-23,1.081
2000-06-22,1.081
2000-06-21,1.039
2000-06-20,1.053
2000-06-19,1.053
2000-06-16,1.066
2000-06-15,1.088
2000-06-14,1.081
2000-06-13,1.062
2000-06-12,1.044
2000-06-09,1.018
2000-06-08,1.01
2000-06-07,1.011
2000-06-06,0.988
2000-06-05,0.999
2000-06-02,1.019
2000-06-01,1.017
2000-05-31,1.038
2000-05-30,1.065
2000-05-26,1.002
2000-05-25,1.012
2000-05-24,0.98
2000-05-23,0.934
2000-05-22,0.931
2000-05-19,0.953
2000-05-18,0.99
2000-05-17,0.98
2000-05-16,0.983
2000-05-15,0.968
2000-05-12,0.94
2000-05-11,0.936
2000-05-10,0.912
2000-05-09,0.951
2000-05-08,0.941
2000-05-05,0.904
2000-05-04,0.909
2000-05-03,0.891
2000-05-02,0.886
2000-05-01,0.833
2000-04-28,0.826
2000-04-27,0.824
2000-04-26,0.803
2000-04-25,0.823
2000-04-24,0.852
2000-04-20,0.855
2000-04-19,0.853
2000-04-18,0.829
2000-04-17,0.82
2000-04-14,0.798
2000-04-13,0.806
2000-04-12,0.8
2000-04-11,0.754
2000-04-10,0.757
2000-04-07,0.789
2000-04-06,0.8
2000-04-05,0.795
2000-04-04,0.799
2000-04-03,0.842
2000-03-31,0.917
2000-03-30,0.894
2000-03-29,0.913
2000-03-28,0.952
2000-03-27,0.947
2000-03-24,0.949
2000-03-23,0.919
2000-03-22,0.9
2000-03-21,0.895
2000-03-20,0.89
2000-03-17,0.934
2000-03-16,0.94
2000-03-15,0.933
2000-03-14,0.968
2000-03-13,0.991
2000-03-10,0.994
2000-03-09,0.988
2000-03-08,0.952
2000-03-07,1.019
2000-03-06,0.983
2000-03-03,0.976
2000-03-02,0.988
2000-03-01,0.994
2000-02-29,0.936
2000-02-28,0.914
2000-02-25,0.863
2000-02-24,0.851
2000-02-23,0.846
2000-02-22,0.845
2000-02-18,0.827
2000-02-17,0.835
2000-02-16,0.845
2000-02-15,0.838
2000-02-14,0.834
2000-02-11,0.811
2000-02-10,0.818
2000-02-09,0.797
2000-02-08,0.775
2000-02-07,0.786
2000-02-04,0.798
2000-02-03,0.786
2000-02-02,0.767
2000-02-01,0.777
2000-01-31,0.755
2000-01-28,0.743
2000-01-27,0.742
2000-01-26,0.75
2000-01-25,0.768
2000-01-24,0.755
2000-01-21,0.77
2000-01-20,0.773
2000-01-19,0.767
2000-01-18,0.772
2000-01-14,0.745
2000-01-13,0.713
2000-01-12,0.713
2000-01-11,0.687
2000-01-10,0.67
2000-01-07,0.661
2000-01-06,0.679
2000-01-05,0.676
2000-01-04,0.685
1999-12-30,0.691
1999-12-29,0.713
1999-12-28,0.726
1999-12-27,0.716
1999-12-23,0.704
1999-12-22,0.703
1999-12-21,0.724
1999-12-20,0.732
1999-12-17,0.734
1999-12-16,0.733
1999-12-15,0.713
1999-12-14,0.698
1999-12-13,0.695
1999-12-10,0.684
1999-12-09,0.715
1999-12-08,0.732
1999-12-07,0.728
1999-12-06,0.725
1999-12-03,0.703
1999-12-02,0.71
1999-12-01,0.688
1999-11-30,0.707
1999-11-29,0.748
1999-11-24,0.771
1999-11-23,0.755
1999-11-22,0.758
1999-11-19,0.732
1999-11-18,0.714
1999-11-17,0.734
1999-11-16,0.709
1999-11-15,0.702
1999-11-12,0.703
1999-11-11,0.691
1999-11-10,0.699
1999-11-09,0.675
1999-11-08,0.651
1999-11-05,0.645
1999-11-04,0.644
1999-11-03,0.634
1999-11-02,0.629
1999-11-01,0.637
1999-10-29,0.639
1999-10-28,0.622
1999-10-27,0.642
1999-10-26,0.642
1999-10-25,0.645
1999-10-22,0.656
1999-10-21,0.64
1999-10-20,0.639
1999-10-19,0.629
1999-10-18,0.632
1999-10-15,0.636
1999-10-14,0.624
1999-10-13,0.637
1999-10-12,0.63
1999-10-11,0.603
1999-10-08,0.592
1999-10-07,0.628
1999-10-06,0.653
1999-10-05,0.667
1999-10-04,0.671
1999-10-01,0.69
1999-09-30,0.724
1999-09-29,0.733
1999-09-28,0.728
1999-09-27,0.727
1999-09-24,0.719
1999-09-23,0.715
1999-09-22,0.698
1999-09-21,0.681
1999-09-20,0.685
1999-09-17,0.687
1999-09-16,0.688
1999-09-15,0.691
1999-09-14,0.684
1999-09-13,0.697
1999-09-10,0.693
1999-09-09,0.684
1999-09-08,0.667
1999-09-07,0.665
1999-09-03,0.648
1999-09-02,0.635
1999-09-01,0.656
1999-08-31,0.687
1999-08-30,0.688
1999-08-27,0.661
1999-08-26,0.642
1999-08-25,0.63
1999-08-24,0.652
1999-08-23,0.66
1999-08-20,0.66
1999-08-19,0.662
1999-08-18,0.65
1999-08-17,0.654
1999-08-16,0.641
1999-08-13,0.648
1999-08-12,0.65
1999-08-11,0.66
1999-08-10,0.65
1999-08-09,0.66
1999-08-06,0.658
1999-08-05,0.645
1999-08-04,0.639
1999-08-03,0.63
1999-08-02,0.631
1999-07-30,0.651
1999-07-29,0.65
1999-07-28,0.631
1999-07-27,0.614
1999-07-26,0.618
1999-07-23,0.622
1999-07-22,0.602
1999-07-21,0.596
1999-07-20,0.6
1999-07-19,0.618
1999-07-16,0.626
1999-07-15,0.617
1999-07-14,0.595
1999-07-13,0.598
1999-07-12,0.596
1999-07-09,0.596
1999-07-08,0.589
1999-07-07,0.592
1999-07-06,0.585
1999-07-02,0.585
1999-07-01,0.57
1999-06-30,0.556
1999-06-29,0.538
1999-06-28,0.528
1999-06-25,0.531
1999-06-24,0.525
1999-06-23,0.527
1999-06-22,0.512
1999-06-21,0.512
1999-06-18,0.523
1999-06-17,0.532
1999-06-16,0.524
1999-06-15,0.538
1999-06-14,0.531
1999-06-11,0.532
1999-06-10,0.515
1999-06-09,0.522
1999-06-08,0.515
1999-06-07,0.513
1999-06-04,0.501
1999-06-03,0.486
1999-06-02,0.49
1999-06-01,0.474
1999-05-28,0.486
1999-05-27,0.499
1999-05-26,0.499
1999-05-25,0.491
1999-05-24,0.485
1999-05-21,0.505
1999-05-20,0.495
1999-05-19,0.496
1999-05-18,0.49
1999-05-17,0.511
1999-05-14,0.52
1999-05-13,0.523
1999-05-12,0.516
1999-05-11,0.532
1999-05-10,0.54
1999-05-07,0.532
1999-05-06,0.544
1999-05-05,0.563
1999-05-04,0.562
1999-05-03,0.556
1999-04-30,0.545
1999-04-29,0.552
1999-04-28,0.539
1999-04-27,0.526
1999-04-26,0.524
1999-04-23,0.527
1999-04-22,0.535
1999-04-21,0.524
1999-04-20,0.524
1999-04-19,0.534
1999-04-16,0.528
1999-04-15,0.519
1999-04-14,0.508
1999-04-13,0.522
1999-04-12,0.512
1999-04-09,0.508
1999-04-08,0.495
1999-04-07,0.505
1999-04-06,0.537
1999-04-05,0.54
1999-04-01,0.531
1999-03-31,0.541
1999-03-30,0.525
1999-03-29,0.517
1999-03-26,0.506
1999-03-25,0.484
1999-03-24,0.48
1999-03-23,0.489
1999-03-22,0.494
1999-03-19,0.476
1999-03-18,0.47
1999-03-17,0.472
1999-03-16,0.447
1999-03-15,0.45
1999-03-12,0.452
1999-03-11,0.443
1999-03-10,0.448
1999-03-09,0.429
1999-03-08,0.426
1999-03-05,0.414
1999-03-04,0.413
1999-03-03,0.399
1999-03-02,0.384
1999-03-01,0.378
1999-02-26,0.355
1999-02-25,0.36
1999-02-24,0.349
1999-02-23,0.348
1999-02-22,0.347
1999-02-19,0.341
1999-02-18,0.344
1999-02-17,0.331
1999-02-16,0.329
1999-02-12,0.337
1999-02-11,0.334
1999-02-10,0.337
1999-02-09,0.344
1999-02-08,0.348
1999-02-05,0.35
1999-02-04,0.358
1999-02-03,0.373
1999-02-02,0.376
1999-02-01,0.373
1999-01-29,0.369
1999-01-28,0.361
1999-01-27,0.355
1999-01-26,0.342
1999-01-25,0.348
1999-01-22,0.355
1999-01-21,0.344
1999-01-20,0.337
1999-01-19,0.352
1999-01-15,0.352
1999-01-14,0.356
1999-01-13,0.364
1999-01-12,0.38
1999-01-11,0.392
1999-01-08,0.382
1999-01-07,0.389
1999-01-06,0.384
1999-01-05,0.364
1999-01-04,0.375
1998-12-31,0.357
1998-12-30,0.348
1998-12-29,0.355
1998-12-28,0.344
1998-12-24,0.331
1998-12-23,0.331
1998-12-22,0.327
1998-12-21,0.33
1998-12-18,0.338
1998-12-17,0.344
1998-12-16,0.377
1998-12-15,0.361
1998-12-14,0.355
1998-12-11,0.343
1998-12-10,0.34
1998-12-09,0.345
1998-12-08,0.347
1998-12-07,0.348
1998-12-04,0.342
1998-12-03,0.345
1998-12-02,0.326
1998-12-01,0.345
1998-11-30,0.346
1998-11-25,0.35
1998-11-24,0.353
1998-11-23,0.368
1998-11-20,0.382
1998-11-19,0.377
1998-11-18,0.372
1998-11-17,0.381
1998-11-16,0.396
1998-11-13,0.411
1998-11-12,0.416
1998-11-11,0.405
1998-11-10,0.412
1998-11-09,0.408
1998-11-06,0.421
1998-11-05,0.428
1998-11-04,0.434
1998-11-03,0.437
1998-11-02,0.443
1998-10-30,0.452
1998-10-29,0.449
1998-10-28,0.448
1998-10-27,0.441
1998-10-26,0.445
1998-10-23,0.437
1998-10-22,0.434
1998-10-21,0.44
1998-10-20,0.43
1998-10-19,0.421
1998-10-16,0.442
1998-10-15,0.439
1998-10-14,0.435
1998-10-13,0.435
1998-10-12,0.435
1998-10-09,0.438
1998-10-08,0.433
1998-10-07,0.454
1998-10-06,0.474
1998-10-05,0.469
1998-10-02,0.472
1998-10-01,0.459
1998-09-30,0.477
1998-09-29,0.463
1998-09-28,0.458
1998-09-25,0.456
1998-09-24,0.458
1998-09-23,0.457
1998-09-22,0.462
1998-09-21,0.455
1998-09-18,0.456
1998-09-17,0.437
1998-09-16,0.433
1998-09-15,0.436
1998-09-14,0.433
1998-09-11,0.425
1998-09-10,0.429
1998-09-09,0.411
1998-09-08,0.414
1998-09-04,0.421
1998-09-03,0.425
1998-09-02,0.406
1998-09-01,0.414
1998-08-31,0.406
1998-08-28,0.409
1998-08-27,0.4
1998-08-26,0.406
1998-08-25,0.411
1998-08-24,0.414
1998-08-21,0.409
1998-08-20,0.417
1998-08-19,0.407
1998-08-18,0.413
1998-08-17,0.424
1998-08-14,0.424
1998-08-13,0.423
1998-08-12,0.407
1998-08-11,0.4
1998-08-10,0.407
1998-08-07,0.434
1998-08-06,0.429
1998-08-05,0.419
1998-08-04,0.423
1998-08-03,0.419
1998-07-31,0.413
1998-07-30,0.41
1998-07-29,0.411
1998-07-28,0.422
1998-07-27,0.428
1998-07-24,0.42
1998-07-23,0.422
1998-07-22,0.434
1998-07-21,0.435
1998-07-20,0.429
1998-07-17,0.448
1998-07-16,0.455
1998-07-15,0.469
1998-07-14,0.48
1998-07-13,0.467
1998-07-10,0.468
1998-07-09,0.472
1998-07-08,0.468
1998-07-07,0.469
1998-07-06,0.481
1998-07-02,0.487
1998-07-01,0.482
1998-06-30,0.464
1998-06-29,0.46
1998-06-26,0.458
1998-06-25,0.459
1998-06-24,0.48
1998-06-23,0.483
1998-06-22,0.469
1998-06-19,0.458
1998-06-18,0.458
1998-06-17,0.465
1998-06-16,0.459
1998-06-15,0.449
1998-06-12,0.463
1998-06-11,0.46
1998-06-10,0.462
1998-06-09,0.47
1998-06-08,0.483
1998-06-05,0.496
1998-06-04,0.499
1998-06-03,0.498
1998-06-02,0.503
1998-06-01,0.505
1998-05-29,0.5
1998-05-28,0.492
1998-05-27,0.5
1998-05-26,0.487
1998-05-22,0.491
1998-05-21,0.489
1998-05-20,0.484
1998-05-19,0.5
1998-05-18,0.501
1998-05-15,0.508
1998-05-14,0.518
1998-05-13,0.518
1998-05-12,0.527
1998-05-11,0.523
1998-05-08,0.52
1998-05-07,0.522
1998-05-06,0.525
1998-05-05,0.533
1998-05-04,0.54
1998-05-01,0.543
1998-04-30,0.5
1998-04-29,0.509
1998-04-28,0.522
1998-04-27,0.509
1998-04-24,0.501
1998-04-23,0.503
1998-04-22,0.506
1998-04-21,0.527
1998-04-20,0.524
1998-04-17,0.525
1998-04-16,0.528
1998-04-15,0.515
1998-04-14,0.501
1998-04-13,0.498
1998-04-09,0.503
1998-04-08,0.504
1998-04-07,0.496
1998-04-06,0.498
1998-04-03,0.518
1998-04-02,0.512
1998-04-01,0.512
1998-03-31,0.503
1998-03-30,0.52
1998-03-27,0.536
1998-03-26,0.538
1998-03-25,0.526
1998-03-24,0.515
1998-03-23,0.54
1998-03-20,0.494
1998-03-19,0.486
1998-03-18,0.487
1998-03-17,0.449
1998-03-16,0.452
1998-03-13,0.473
1998-03-12,0.47
1998-03-11,0.469
1998-03-10,0.463
1998-03-09,0.463
1998-03-06,0.483
1998-03-05,0.497
1998-03-04,0.503
1998-03-03,0.506
1998-03-02,0.508
1998-02-27,0.474
1998-02-26,0.476
1998-02-25,0.474
1998-02-24,0.476
1998-02-23,0.483
1998-02-20,0.504
1998-02-19,0.512
1998-02-18,0.509
1998-02-17,0.495
1998-02-13,0.496
1998-02-12,0.495
1998-02-11,0.502
1998-02-10,0.511
1998-02-09,0.509
1998-02-06,0.512
1998-02-05,0.504
1998-02-04,0.499
1998-02-03,0.51
1998-02-02,0.526
1998-01-30,0.527
1998-01-29,0.55
1998-01-28,0.53
1998-01-27,0.521
1998-01-26,0.518
1998-01-23,0.495
1998-01-22,0.494
1998-01-21,0.5
1998-01-20,0.509
1998-01-16,0.51
1998-01-15,0.504
1998-01-14,0.511
1998-01-13,0.514
1998-01-12,0.52
1998-01-09,0.528
1998-01-08,0.526
1998-01-07,0.519
1998-01-06,0.524
1998-01-05,0.519
1998-01-02,0.533
1997-12-31,0.528
1997-12-30,0.535
1997-12-29,0.539
1997-12-26,0.557
1997-12-24,0.558
1997-12-23,0.552
1997-12-22,0.557
1997-12-19,0.564
1997-12-18,0.573
1997-12-17,0.555
1997-12-16,0.555
1997-12-15,0.548
1997-12-12,0.546
1997-12-11,0.541
1997-12-10,0.543
1997-12-09,0.56
1997-12-08,0.57
1997-12-05,0.566
1997-12-04,0.563
1997-12-03,0.566
1997-12-02,0.564
1997-12-01,0.563
1997-11-26,0.573
1997-11-25,0.591
1997-11-24,0.587
1997-11-21,0.577
1997-11-20,0.572
1997-11-19,0.587
1997-11-18,0.587
1997-11-17,0.594
1997-11-14,0.61
1997-11-13,0.596
1997-11-12,0.586
1997-11-11,0.591
1997-11-10,0.592
1997-11-07,0.6
1997-11-06,0.593
1997-11-05,0.582
1997-11-04,0.59
1997-11-03,0.598
1997-10-31,0.602
1997-10-30,0.607
1997-10-29,0.601
1997-10-28,0.589
1997-10-27,0.6
1997-10-24,0.596
1997-10-23,0.603
1997-10-22,0.608
1997-10-21,0.591
1997-10-20,0.597
1997-10-17,0.593
1997-10-16,0.597
1997-10-15,0.582
1997-10-14,0.589
1997-10-13,0.598
1997-10-10,0.612
1997-10-09,0.612
1997-10-08,0.615
1997-10-07,0.609
1997-10-06,0.613
1997-10-03,0.63
1997-10-02,0.614
1997-10-01,0.599
1997-09-30,0.626
1997-09-29,0.631
1997-09-26,0.613
1997-09-25,0.593
1997-09-24,0.584
1997-09-23,0.584
1997-09-22,0.586
1997-09-19,0.575
1997-09-18,0.573
1997-09-17,0.585
1997-09-16,0.59
1997-09-15,0.582
1997-09-12,0.588
1997-09-11,0.588
1997-09-10,0.583
1997-09-09,0.595
1997-09-08,0.593
1997-09-05,0.601
1997-09-04,0.599
1997-09-03,0.626
1997-09-02,0.628
1997-08-29,0.688
1997-08-28,0.675
1997-08-27,0.664
1997-08-26,0.638
1997-08-25,0.645
1997-08-22,0.675
1997-08-21,0.672
1997-08-20,0.696
1997-08-19,0.676
1997-08-18,0.654
1997-08-15,0.668
1997-08-14,0.663
1997-08-13,0.661
1997-08-12,0.637
1997-08-11,0.615
1997-08-08,0.62
1997-08-07,0.643
1997-08-06,0.661
1997-08-05,0.671
1997-08-04,0.667
1997-08-01,0.651
1997-07-31,0.678
1997-07-30,0.699
1997-07-29,0.665
1997-07-28,0.648
1997-07-25,0.64
1997-07-24,0.622
1997-07-23,0.611
1997-07-22,0.6
1997-07-21,0.6
1997-07-18,0.601
1997-07-17,0.619
1997-07-16,0.605
1997-07-15,0.599
1997-07-14,0.584
1997-07-11,0.593
1997-07-10,0.586
1997-07-09,0.582
1997-07-08,0.589
1997-07-07,0.579
1997-07-03,0.579
1997-07-02,0.593
1997-07-01,0.588
1997-06-30,0.581
1997-06-27,0.579
1997-06-26,0.568
1997-06-25,0.57
1997-06-24,0.557
1997-06-23,0.556
1997-06-20,0.555
1997-06-19,0.561
1997-06-18,0.568
1997-06-17,0.585
1997-06-16,0.58
1997-06-13,0.574
1997-06-12,0.571
1997-06-11,0.565
1997-06-10,0.564
1997-06-09,0.562
1997-06-06,0.571
1997-06-05,0.598
1997-06-04,0.604
1997-06-03,0.614
1997-06-02,0.63
1997-05-30,0.637
1997-05-29,0.652
1997-05-28,0.658
1997-05-27,0.654
1997-05-23,0.669
1997-05-22,0.669
1997-05-21,0.665
1997-05-20,0.654
1997-05-19,0.652
1997-05-16,0.659
1997-05-15,0.64
1997-05-14,0.644
1997-05-13,0.648
1997-05-12,0.645
1997-05-09,0.629
1997-05-08,0.625
1997-05-07,0.609
1997-05-06,0.603
1997-05-05,0.605
1997-05-02,0.605
1997-05-01,0.626
1997-04-30,0.639
1997-04-29,0.634
1997-04-28,0.623
1997-04-25,0.625
1997-04-24,0.628
1997-04-23,0.617
1997-04-22,0.618
1997-04-21,0.628
1997-04-18,0.615
1997-04-17,0.607
1997-04-16,0.604
1997-04-15,0.619
1997-04-14,0.62
1997-04-11,0.609
1997-04-10,0.611
1997-04-09,0.607
1997-04-08,0.612
1997-04-07,0.607
1997-04-04,0.605
1997-04-03,0.609
1997-04-02,0.606
1997-04-01,0.627
1997-03-31,0.637
1997-03-27,0.646
1997-03-26,0.648
1997-03-25,0.665
1997-03-24,0.665
1997-03-21,0.676
1997-03-20,0.676
1997-03-19,0.68
1997-03-18,0.675
1997-03-17,0.653
1997-03-14,0.658
1997-03-13,0.642
1997-03-12,0.646
1997-03-11,0.639
1997-03-10,0.644
1997-03-07,0.657
1997-03-06,0.645
1997-03-05,0.633
1997-03-04,0.629
1997-03-03,0.618
1997-02-28,0.617
1997-02-27,0.627
1997-02-26,0.623
1997-02-25,0.622
1997-02-24,0.602
1997-02-21,0.618
1997-02-20,0.628
1997-02-19,0.647
1997-02-18,0.642
1997-02-14,0.643
1997-02-13,0.632
1997-02-12,0.629
1997-02-11,0.64
1997-02-10,0.635
1997-02-07,0.631
1997-02-06,0.653
1997-02-05,0.675
1997-02-04,0.683
1997-02-03,0.684
1997-01-31,0.685
1997-01-30,0.698
1997-01-29,0.682
1997-01-28,0.67
1997-01-27,0.676
1997-01-24,0.678
1997-01-23,0.684
1997-01-22,0.682
1997-01-21,0.674
1997-01-20,0.672
1997-01-17,0.681
1997-01-16,0.687
1997-01-15,0.689
1997-01-14,0.67
1997-01-13,0.681
1997-01-10,0.704
1997-01-09,0.705
1997-01-08,0.722
1997-01-07,0.721
1997-01-06,0.725
1997-01-03,0.707
1997-01-02,0.711
1996-12-31,0.707
1996-12-30,0.696
1996-12-27,0.697
1996-12-26,0.695
1996-12-24,0.696
1996-12-23,0.689
1996-12-20,0.702
1996-12-19,0.712
1996-12-18,0.712
1996-12-17,0.698
1996-12-16,0.695
1996-12-13,0.67
1996-12-12,0.647
1996-12-11,0.636
1996-12-10,0.669
1996-12-09,0.689
1996-12-06,0.698
1996-12-05,0.697
1996-12-04,0.682
1996-12-03,0.691
1996-12-02,0.681
1996-11-27,0.694
1996-11-26,0.69
1996-11-25,0.68
1996-11-22,0.678
1996-11-21,0.67
1996-11-20,0.654
1996-11-19,0.674
1996-11-18,0.658
1996-11-15,0.669
1996-11-14,0.689
1996-11-13,0.683
1996-11-12,0.658
1996-11-11,0.65
1996-11-08,0.653
1996-11-07,0.638
1996-11-06,0.636
1996-11-05,0.646
1996-11-04,0.65
1996-11-01,0.647
1996-10-31,0.666
1996-10-30,0.7
1996-10-29,0.691
1996-10-28,0.703
1996-10-25,0.701
1996-10-24,0.692
1996-10-23,0.682
1996-10-22,0.691
1996-10-21,0.679
1996-10-18,0.679
1996-10-17,0.665
1996-10-16,0.655
1996-10-15,0.671
1996-10-14,0.677
1996-10-11,0.655
1996-10-10,0.635
1996-10-09,0.656
1996-10-08,0.665
1996-10-07,0.663
1996-10-04,0.636
1996-10-03,0.637
1996-10-02,0.624
1996-10-01,0.628
1996-09-30,0.627
1996-09-27,0.646
1996-09-26,0.63
1996-09-25,0.631
1996-09-24,0.628
1996-09-23,0.601
1996-09-20,0.611
1996-09-19,0.613
1996-09-18,0.631
1996-09-17,0.627
1996-09-16,0.629
1996-09-13,0.646
1996-09-12,0.659
1996-09-11,0.659
1996-09-10,0.649
1996-09-09,0.641
1996-09-06,0.653
1996-09-05,0.644
1996-09-04,0.63
1996-09-03,0.63
1996-08-30,0.628
1996-08-29,0.637
1996-08-28,0.623
1996-08-27,0.612
1996-08-26,0.616
1996-08-23,0.632
1996-08-22,0.639
1996-08-21,0.631
1996-08-20,0.64
1996-08-19,0.653
1996-08-16,0.634
1996-08-15,0.62
1996-08-14,0.625
1996-08-13,0.631
1996-08-12,0.629
1996-08-09,0.619
1996-08-08,0.623
1996-08-07,0.62
1996-08-06,0.612
1996-08-05,0.613
1996-08-02,0.621
1996-08-01,0.614
1996-07-31,0.618
1996-07-30,0.612
1996-07-29,0.605
1996-07-26,0.602
1996-07-25,0.617
1996-07-24,0.619
1996-07-23,0.631
1996-07-22,0.628
1996-07-19,0.624
1996-07-18,0.639
1996-07-17,0.639
1996-07-16,0.651
1996-07-15,0.656
1996-07-12,0.64
1996-07-11,0.646
1996-07-10,0.631
1996-07-09,0.618
1996-07-08,0.617
1996-07-03,0.625
1996-07-02,0.609
1996-07-01,0.615
1996-06-28,0.6
1996-06-27,0.594
1996-06-26,0.584
1996-06-25,0.575
1996-06-24,0.582
1996-06-21,0.587
1996-06-20,0.587
1996-06-19,0.58
1996-06-18,0.602
1996-06-17,0.612
1996-06-14,0.595
1996-06-13,0.589
1996-06-12,0.597
1996-06-11,0.608
1996-06-10,0.614
1996-06-07,0.609
1996-06-06,0.602
1996-06-05,0.594
1996-06-04,0.607
1996-06-03,0.59
1996-05-31,0.591
1996-05-30,0.599
1996-05-29,0.624
1996-05-28,0.632
1996-05-24,0.647
1996-05-23,0.643
1996-05-22,0.643
1996-05-21,0.65
1996-05-20,0.66
1996-05-17,0.63
1996-05-16,0.642
1996-05-15,0.672
1996-05-14,0.684
1996-05-13,0.691
1996-05-10,0.685
1996-05-09,0.672
1996-05-08,0.684
1996-05-07,0.688
1996-05-06,0.689
1996-05-03,0.699
1996-05-02,0.684
1996-05-01,0.674
1996-04-30,0.724
1996-04-29,0.77
1996-04-26,0.768
1996-04-25,0.756
1996-04-24,0.741
1996-04-23,0.732
1996-04-22,0.702
1996-04-19,0.675
1996-04-18,0.664
1996-04-17,0.681
1996-04-16,0.695
1996-04-15,0.717
1996-04-12,0.722
1996-04-11,0.743
1996-04-10,0.73
1996-04-09,0.705
1996-04-08,0.699
1996-04-04,0.688
1996-04-03,0.677
1996-04-02,0.681
1996-04-01,0.66
1996-03-29,0.649
1996-03-28,0.644
1996-03-27,0.657
1996-03-26,0.663
1996-03-25,0.67
1996-03-22,0.655
1996-03-21,0.64
1996-03-20,0.644
1996-03-19,0.652
1996-03-18,0.643
1996-03-15,0.629
1996-03-14,0.625
1996-03-13,0.616
1996-03-12,0.606
1996-03-11,0.593
1996-03-08,0.588
1996-03-07,0.592
1996-03-06,0.598
1996-03-05,0.591
1996-03-04,0.587
1996-03-01,0.598
1996-02-29,0.594
1996-02-28,0.595
1996-02-27,0.603
1996-02-26,0.598
1996-02-23,0.587
1996-02-22,0.6
1996-02-21,0.595
1996-02-20,0.577
1996-02-16,0.558
1996-02-15,0.554
1996-02-14,0.552
1996-02-13,0.551
1996-02-12,0.53
1996-02-09,0.529
1996-02-08,0.524
1996-02-07,0.522
1996-02-06,0.524
1996-02-05,0.521
1996-02-02,0.537
1996-02-01,0.531
1996-01-31,0.541
1996-01-30,0.534
1996-01-29,0.525
1996-01-26,0.53
1996-01-25,0.527
1996-01-24,0.542
1996-01-23,0.537
1996-01-22,0.549
1996-01-19,0.554
1996-01-18,0.552
1996-01-17,0.55
1996-01-16,0.533
1996-01-15,0.539
1996-01-12,0.531
1996-01-11,0.544
1996-01-10,0.582
1996-01-09,0.587
1996-01-08,0.605
1996-01-05,0.605
1996-01-04,0.594
1996-01-03,0.587
1996-01-02,0.591
1995-12-29,0.589
1995-12-28,0.593
1995-12-27,0.603
1995-12-26,0.587
1995-12-22,0.576
1995-12-21,0.569
1995-12-20,0.578
1995-12-19,0.593
1995-12-18,0.599
1995-12-15,0.596
1995-12-14,0.579
1995-12-13,0.576
1995-12-12,0.556
1995-12-11,0.547
1995-12-08,0.547
1995-12-07,0.541
1995-12-06,0.539
1995-12-05,0.54
1995-12-04,0.536
1995-12-01,0.53
1995-11-30,0.574
1995-11-29,0.575
1995-11-28,0.562
1995-11-27,0.555
1995-11-22,0.541
1995-11-21,0.531
1995-11-20,0.529
1995-11-17,0.528
1995-11-16,0.516
1995-11-15,0.512
1995-11-14,0.504
1995-11-13,0.503
1995-11-10,0.507
1995-11-09,0.511
1995-11-08,0.514
1995-11-07,0.511
1995-11-06,0.51
1995-11-03,0.515
1995-11-02,0.517
1995-11-01,0.506
1995-10-31,0.508
1995-10-30,0.507
1995-10-27,0.501
1995-10-26,0.5
1995-10-25,0.497
1995-10-24,0.499
1995-10-23,0.498
1995-10-20,0.497
1995-10-19,0.494
1995-10-18,0.499
1995-10-17,0.503
1995-10-16,0.507
1995-10-13,0.503
1995-10-12,0.499
1995-10-11,0.505
1995-10-10,0.503
1995-10-09,0.502
1995-10-06,0.492
1995-10-05,0.489
1995-10-04,0.507
1995-10-03,0.519
1995-10-02,0.528
1995-09-29,0.577
1995-09-28,0.561
1995-09-27,0.546
1995-09-26,0.538
1995-09-25,0.54
1995-09-22,0.535
1995-09-21,0.549
1995-09-20,0.564
1995-09-19,0.572
1995-09-18,0.577
1995-09-15,0.566
1995-09-14,0.568
1995-09-13,0.553
1995-09-12,0.557
1995-09-11,0.549
1995-09-08,0.548
1995-09-07,0.546
1995-09-06,0.553
1995-09-05,0.562
1995-09-01,0.543
1995-08-31,0.563
1995-08-30,0.565
1995-08-29,0.555
1995-08-28,0.556
1995-08-25,0.56
1995-08-24,0.559
1995-08-23,0.553
1995-08-22,0.546
1995-08-21,0.545
1995-08-18,0.542
1995-08-17,0.543
1995-08-16,0.539
1995-08-15,0.548
1995-08-14,0.552
1995-08-11,0.557
1995-08-10,0.557
1995-08-09,0.548
1995-08-08,0.544
1995-08-07,0.541
1995-08-04,0.54
1995-08-03,0.539
1995-08-02,0.544
1995-08-01,0.544
1995-07-31,0.541
1995-07-28,0.538
1995-07-27,0.537
1995-07-26,0.529
1995-07-25,0.524
1995-07-24,0.533
1995-07-21,0.521
1995-07-20,0.522
1995-07-19,0.527
1995-07-18,0.536
1995-07-17,0.54
1995-07-14,0.545
1995-07-13,0.544
1995-07-12,0.55
1995-07-11,0.542
1995-07-10,0.547
1995-07-07,0.538
1995-07-06,0.547
1995-07-05,0.544
1995-06-30,0.592
1995-06-29,0.59
1995-06-28,0.596
1995-06-27,0.574
1995-06-26,0.567
1995-06-23,0.57
1995-06-22,0.583
1995-06-21,0.587
1995-06-20,0.608
1995-06-19,0.603
1995-06-16,0.615
1995-06-15,0.619
1995-06-14,0.62
1995-06-13,0.609
1995-06-12,0.612
1995-06-09,0.608
1995-06-08,0.608
1995-06-07,0.618
1995-06-06,0.614
1995-06-05,0.618
1995-06-02,0.609
1995-06-01,0.598
1995-05-31,0.63
1995-05-30,0.635
1995-05-26,0.641
1995-05-25,0.658
1995-05-24,0.649
1995-05-23,0.662
1995-05-22,0.665
1995-05-19,0.663
1995-05-18,0.665
1995-05-17,0.668
1995-05-16,0.663
1995-05-15,0.649
1995-05-12,0.637
1995-05-11,0.633
1995-05-10,0.633
1995-05-09,0.626
1995-05-08,0.642
1995-05-05,0.64
1995-05-04,0.636
1995-05-03,0.626
1995-05-02,0.637
1995-05-01,0.642
1995-04-28,0.653
1995-04-27,0.65
1995-04-26,0.632
1995-04-25,0.629
1995-04-24,0.622
1995-04-21,0.632
1995-04-20,0.632
1995-04-19,0.632
1995-04-18,0.637
1995-04-17,0.62
1995-04-13,0.604
1995-04-12,0.614
1995-04-11,0.616
1995-04-10,0.612
1995-04-07,0.613
1995-04-06,0.617
1995-04-05,0.605
1995-04-04,0.586
1995-04-03,0.574
1995-03-31,0.595
1995-03-30,0.607
1995-03-29,0.6
1995-03-28,0.587
1995-03-27,0.586
1995-03-24,0.578
1995-03-23,0.575
1995-03-22,0.579
1995-03-21,0.562
1995-03-20,0.562
1995-03-17,0.554
1995-03-16,0.549
1995-03-15,0.54
1995-03-14,0.528
1995-03-13,0.538
1995-03-10,0.525
1995-03-09,0.544
1995-03-08,0.558
1995-03-07,0.568
1995-03-06,0.562
1995-03-03,0.559
1995-03-02,0.556
1995-03-01,0.567
1995-02-28,0.576
1995-02-27,0.59
1995-02-24,0.588
1995-02-23,0.584
1995-02-22,0.598
1995-02-21,0.591
1995-02-17,0.588
1995-02-16,0.579
1995-02-15,0.562
1995-02-14,0.562
1995-02-13,0.556
1995-02-10,0.556
1995-02-09,0.558
1995-02-08,0.561
1995-02-07,0.57
1995-02-06,0.573
1995-02-03,0.574
1995-02-02,0.56
1995-02-01,0.568
1995-01-31,0.578
1995-01-30,0.562
1995-01-27,0.561
1995-01-26,0.574
1995-01-25,0.573
1995-01-24,0.576
1995-01-23,0.564
1995-01-20,0.574
1995-01-19,0.581
1995-01-18,0.595
1995-01-17,0.578
1995-01-16,0.569
1995-01-13,0.55
1995-01-12,0.549
1995-01-11,0.545
1995-01-10,0.537
1995-01-09,0.539
1995-01-06,0.538
1995-01-05,0.545
1995-01-04,0.534
1995-01-03,0.528
1994-12-30,0.559
1994-12-29,0.55
1994-12-28,0.541
1994-12-27,0.534
1994-12-23,0.519
1994-12-22,0.52
1994-12-21,0.523
1994-12-20,0.516
1994-12-19,0.514
1994-12-16,0.516
1994-12-15,0.515
1994-12-14,0.527
1994-12-13,0.511
1994-12-12,0.511
1994-12-09,0.527
1994-12-08,0.519
1994-12-07,0.507
1994-12-06,0.505
1994-12-05,0.494
1994-12-02,0.506
1994-12-01,0.543
1994-11-30,0.564
1994-11-29,0.554
1994-11-28,0.56
1994-11-23,0.557
1994-11-22,0.553
1994-11-21,0.546
1994-11-18,0.55
1994-11-17,0.556
1994-11-16,0.557
1994-11-15,0.576
1994-11-14,0.579
1994-11-11,0.578
1994-11-10,0.577
1994-11-09,0.565
1994-11-08,0.581
1994-11-07,0.566
1994-11-04,0.585
1994-11-03,0.59
1994-11-02,0.595
1994-11-01,0.598
1994-10-31,0.571
1994-10-28,0.586
1994-10-27,0.547
1994-10-26,0.547
1994-10-25,0.525
1994-10-24,0.525
1994-10-21,0.499
1994-10-20,0.5
1994-10-19,0.48
1994-10-18,0.488
1994-10-17,0.485
1994-10-14,0.476
1994-10-13,0.477
1994-10-12,0.471
1994-10-11,0.475
1994-10-10,0.471
1994-10-07,0.475
1994-10-06,0.47
1994-10-05,0.458
1994-10-04,0.463
1994-10-03,0.467
1994-09-30,0.466
1994-09-29,0.46
1994-09-28,0.445
1994-09-27,0.436
1994-09-26,0.443
1994-09-23,0.458
1994-09-22,0.46
1994-09-21,0.453
1994-09-20,0.451
1994-09-19,0.46
1994-09-16,0.447
1994-09-15,0.442
1994-09-14,0.437
1994-09-13,0.449
1994-09-12,0.471
1994-09-09,0.475
1994-09-08,0.484
1994-09-07,0.48
1994-09-06,0.483
1994-09-02,0.483
1994-09-01,0.484
1994-08-31,0.508
1994-08-30,0.511
1994-08-29,0.515
1994-08-26,0.502
1994-08-25,0.496
1994-08-24,0.507
1994-08-23,0.513
1994-08-22,0.515
1994-08-19,0.542
1994-08-18,0.565
1994-08-17,0.565
1994-08-16,0.549
1994-08-15,0.548
1994-08-12,0.552
1994-08-11,0.573
1994-08-10,0.583
1994-08-09,0.592
1994-08-08,0.584
1994-08-05,0.582
1994-08-04,0.601
1994-08-03,0.604
1994-08-02,0.599
1994-08-01,0.6
1994-07-29,0.594
1994-07-28,0.575
1994-07-27,0.579
1994-07-26,0.572
1994-07-25,0.565
1994-07-22,0.557
1994-07-21,0.552
1994-07-20,0.544
1994-07-19,0.543
1994-07-18,0.54
1994-07-15,0.548
1994-07-14,0.549
1994-07-13,0.545
1994-07-12,0.543
1994-07-11,0.538
1994-07-08,0.528
1994-07-07,0.521
1994-07-06,0.53
1994-07-05,0.539
1994-07-01,0.538
1994-06-30,0.53
1994-06-29,0.526
1994-06-28,0.54
1994-06-27,0.53
1994-06-24,0.54
1994-06-23,0.545
1994-06-22,0.536
1994-06-21,0.538
1994-06-20,0.547
1994-06-17,0.552
1994-06-16,0.535
1994-06-15,0.539
1994-06-14,0.522
1994-06-13,0.519
1994-06-10,0.515
1994-06-09,0.516
1994-06-08,0.518
1994-06-07,0.514
1994-06-06,0.529
1994-06-03,0.532
1994-06-02,0.537
1994-06-01,0.538
1994-05-31,0.533
1994-05-27,0.522
1994-05-26,0.515
1994-05-25,0.517
1994-05-24,0.518
1994-05-23,0.522
1994-05-20,0.526
1994-05-19,0.521
1994-05-18,0.513
1994-05-17,0.505
1994-05-16,0.512
1994-05-13,0.514
1994-05-12,0.505
1994-05-11,0.497
1994-05-10,0.504
1994-05-09,0.511
1994-05-06,0.501
1994-05-05,0.497
1994-05-04,0.495
1994-05-03,0.496
1994-05-02,0.505
1994-04-29,0.492
1994-04-28,0.486
1994-04-26,0.507
1994-04-25,0.514
1994-04-22,0.509
1994-04-21,0.492
1994-04-20,0.488
1994-04-19,0.488
1994-04-18,0.501
1994-04-15,0.504
1994-04-14,0.497
1994-04-13,0.488
1994-04-12,0.486
1994-04-11,0.491
1994-04-08,0.485
1994-04-07,0.488
1994-04-06,0.496
1994-04-05,0.494
1994-04-04,0.497
1994-03-31,0.461
1994-03-30,0.448
1994-03-29,0.444
1994-03-28,0.433
1994-03-25,0.465
1994-03-24,0.467
1994-03-23,0.466
1994-03-22,0.469
1994-03-21,0.466
1994-03-18,0.459
1994-03-17,0.46
1994-03-16,0.466
1994-03-15,0.461
1994-03-14,0.449
1994-03-11,0.449
1994-03-10,0.44
1994-03-09,0.443
1994-03-08,0.439
1994-03-07,0.438
1994-03-04,0.451
1994-03-03,0.456
1994-03-02,0.457
1994-03-01,0.458
1994-02-28,0.439
1994-02-25,0.441
1994-02-24,0.447
1994-02-23,0.433
1994-02-22,0.436
1994-02-18,0.432
1994-02-17,0.431
1994-02-16,0.419
1994-02-15,0.419
1994-02-14,0.416
1994-02-11,0.432
1994-02-10,0.431
1994-02-09,0.434
1994-02-08,0.447
1994-02-07,0.442
1994-02-04,0.456
1994-02-03,0.46
1994-02-02,0.463
1994-02-01,0.456
1994-01-31,0.425
1994-01-28,0.435
1994-01-27,0.44
1994-01-26,0.446
1994-01-25,0.437
1994-01-24,0.433
1994-01-21,0.42
1994-01-20,0.419
1994-01-19,0.416
1994-01-18,0.414
1994-01-17,0.421
1994-01-14,0.426
1994-01-13,0.419
1994-01-12,0.417
1994-01-11,0.426
1994-01-10,0.417
1994-01-07,0.438
1994-01-06,0.437
1994-01-05,0.438
1994-01-04,0.421
1994-01-03,0.412
1993-12-30,0.388
1993-12-29,0.392
1993-12-28,0.381
1993-12-27,0.369
1993-12-23,0.384
1993-12-22,0.394
1993-12-21,0.394
1993-12-20,0.396
1993-12-17,0.402
1993-12-16,0.402
1993-12-15,0.399
1993-12-14,0.396
1993-12-13,0.393
1993-12-10,0.412
1993-12-09,0.402
1993-12-08,0.403
1993-12-07,0.408
1993-12-06,0.404
1993-12-03,0.415
1993-12-02,0.416
1993-12-01,0.426
1993-11-30,0.407
1993-11-29,0.407
1993-11-24,0.438
1993-11-23,0.446
1993-11-22,0.456
1993-11-19,0.46
1993-11-18,0.459
1993-11-17,0.47
1993-11-16,0.462
1993-11-15,0.459
1993-11-12,0.454
1993-11-11,0.463
1993-11-10,0.454
1993-11-09,0.459
1993-11-08,0.462
1993-11-05,0.471
1993-11-04,0.48
1993-11-03,0.482
1993-11-02,0.476
1993-11-01,0.485
1993-10-29,0.473
1993-10-28,0.485
1993-10-27,0.489
1993-10-26,0.484
1993-10-25,0.484
1993-10-22,0.496
1993-10-21,0.506
1993-10-20,0.512
1993-10-19,0.51
1993-10-18,0.513
1993-10-15,0.527
1993-10-14,0.529
1993-10-13,0.526
1993-10-12,0.526
1993-10-11,0.526
1993-10-08,0.517
1993-10-07,0.512
1993-10-06,0.508
1993-10-05,0.508
1993-10-04,0.509
1993-10-01,0.516
1993-09-30,0.51
1993-09-29,0.507
1993-09-28,0.491
1993-09-27,0.486
1993-09-24,0.485
1993-09-23,0.487
1993-09-22,0.488
1993-09-21,0.501
1993-09-20,0.503
1993-09-17,0.489
1993-09-16,0.482
1993-09-15,0.481
1993-09-14,0.482
1993-09-13,0.486
1993-09-10,0.485
1993-09-09,0.486
1993-09-08,0.491
1993-09-07,0.489
1993-09-03,0.508
1993-09-02,0.513
1993-09-01,0.517
1993-08-31,0.518
1993-08-30,0.533
1993-08-27,0.543
1993-08-26,0.534
1993-08-25,0.533
1993-08-24,0.538
1993-08-23,0.542
1993-08-20,0.54
1993-08-19,0.535
1993-08-18,0.541
1993-08-17,0.558
1993-08-16,0.556
1993-08-13,0.562
1993-08-12,0.564
1993-08-11,0.558
1993-08-10,0.536
1993-08-09,0.54
1993-08-06,0.522
1993-08-05,0.52
1993-08-04,0.52
1993-08-03,0.519
1993-08-02,0.522
1993-07-30,0.514
1993-07-29,0.519
1993-07-28,0.524
1993-07-27,0.529
1993-07-26,0.521
1993-07-23,0.521
1993-07-22,0.517
1993-07-21,0.525
1993-07-20,0.518
1993-07-19,0.527
1993-07-16,0.513
1993-07-15,0.524
1993-07-14,0.519
1993-07-13,0.533
1993-07-12,0.532
1993-07-09,0.528
1993-07-08,0.523
1993-07-07,0.527
1993-07-06,0.536
1993-07-02,0.53
1993-07-01,0.538
1993-06-30,0.545
1993-06-29,0.548
1993-06-28,0.551
1993-06-25,0.55
1993-06-24,0.548
1993-06-23,0.541
1993-06-22,0.539
1993-06-21,0.547
1993-06-18,0.549
1993-06-17,0.549
1993-06-16,0.548
1993-06-15,0.539
1993-06-14,0.545
1993-06-11,0.546
1993-06-10,0.548
1993-06-09,0.557
1993-06-08,0.562
1993-06-07,0.561
1993-06-04,0.569
1993-06-03,0.571
1993-06-02,0.583
1993-06-01,0.59
1993-05-28,0.578
1993-05-27,0.581
1993-05-26,0.579
1993-05-25,0.589
1993-05-24,0.587
1993-05-21,0.592
1993-05-20,0.593
1993-05-19,0.591
1993-05-18,0.587
1993-05-17,0.591
1993-05-14,0.589
1993-05-13,0.593
1993-05-12,0.606
1993-05-11,0.611
1993-05-10,0.616
1993-05-07,0.615
1993-05-06,0.618
1993-05-05,0.617
1993-05-04,0.616
1993-05-03,0.618
1993-04-30,0.612
1993-04-29,0.61
1993-04-28,0.596
1993-04-27,0.594
1993-04-26,0.597
1993-04-23,0.599
1993-04-22,0.596
1993-04-21,0.599
1993-04-20,0.603
1993-04-19,0.604
1993-04-16,0.603
1993-04-15,0.604
1993-04-14,0.605
1993-04-13,0.603
1993-04-12,0.602
1993-04-08,0.6
1993-04-07,0.603
1993-04-06,0.598
1993-04-05,0.602
1993-04-02,0.607
1993-04-01,0.607
1993-03-31,0.599
1993-03-30,0.59
1993-03-29,0.596
1993-03-26,0.59
1993-03-25,0.587
1993-03-24,0.579
1993-03-23,0.571
1993-03-22,0.563
1993-03-19,0.576
1993-03-18,0.582
1993-03-17,0.585
1993-03-16,0.582
1993-03-15,0.58
1993-03-12,0.585
1993-03-11,0.573
1993-03-10,0.584
1993-03-09,0.594
1993-03-08,0.595
1993-03-05,0.603
1993-03-04,0.608
1993-03-03,0.59
1993-03-02,0.583
1993-02-26,0.538
1993-02-25,0.531
1993-02-24,0.537
1993-02-23,0.546
1993-02-22,0.544
1993-02-19,0.535
1993-02-18,0.521
1993-02-17,0.521
1993-02-16,0.523
1993-02-12,0.536
1993-02-11,0.552
1993-02-10,0.553
1993-02-09,0.551
1993-02-08,0.554
1993-02-05,0.563
1993-02-04,0.566
1993-02-03,0.559
1993-02-02,0.559
1993-02-01,0.571
1993-01-29,0.559
1993-01-28,0.569
1993-01-27,0.548
1993-01-26,0.549
1993-01-25,0.555
1993-01-22,0.53
1993-01-21,0.529
1993-01-20,0.523
1993-01-19,0.53
1993-01-18,0.539
1993-01-15,0.54
1993-01-14,0.528
1993-01-13,0.518
1993-01-12,0.519
1993-01-11,0.53
1993-01-08,0.536
1993-01-07,0.535
1993-01-06,0.545
1993-01-05,0.548
1993-01-04,0.542
1992-12-31,0.54
1992-12-30,0.539
1992-12-29,0.54
1992-12-28,0.544
1992-12-23,0.551
1992-12-22,0.547
1992-12-21,0.555
1992-12-18,0.561
1992-12-17,0.556
1992-12-16,0.546
1992-12-15,0.523
1992-12-14,0.523
1992-12-11,0.518
1992-12-10,0.521
1992-12-09,0.509
1992-12-08,0.513
1992-12-07,0.521
1992-12-04,0.514
1992-12-03,0.513
1992-12-02,0.521
1992-12-01,0.522
1992-11-30,0.547
1992-11-25,0.55
1992-11-24,0.544
1992-11-23,0.552
1992-11-20,0.562
1992-11-19,0.555
1992-11-18,0.548
1992-11-17,0.548
1992-11-16,0.549
1992-11-13,0.536
1992-11-12,0.539
1992-11-11,0.545
1992-11-10,0.552
1992-11-09,0.562
1992-11-06,0.561
1992-11-05,0.572
1992-11-04,0.564
1992-11-03,0.58
1992-11-02,0.579
1992-10-30,0.622
1992-10-29,0.594
1992-10-28,0.597
1992-10-27,0.599
1992-10-26,0.593
1992-10-23,0.589
1992-10-22,0.586
1992-10-21,0.587
1992-10-20,0.594
1992-10-19,0.592
1992-10-16,0.595
1992-10-15,0.599
1992-10-14,0.591
1992-10-13,0.592
1992-10-12,0.604
1992-10-09,0.61
1992-10-08,0.595
1992-10-07,0.586
1992-10-06,0.585
1992-10-05,0.583
1992-10-02,0.585
1992-10-01,0.579
1992-09-30,0.582
1992-09-29,0.577
1992-09-28,0.589
1992-09-25,0.588
1992-09-24,0.589
1992-09-23,0.591
1992-09-22,0.584
1992-09-21,0.583
1992-09-18,0.591
1992-09-17,0.603
1992-09-16,0.609
1992-09-15,0.608
1992-09-14,0.609
1992-09-11,0.598
1992-09-10,0.597
1992-09-09,0.606
1992-09-08,0.61
1992-09-04,0.612
1992-09-03,0.611
1992-09-02,0.612
1992-09-01,0.612
1992-08-31,0.641
1992-08-28,0.633
1992-08-27,0.617
1992-08-26,0.622
1992-08-25,0.621
1992-08-24,0.627
1992-08-21,0.606
1992-08-20,0.616
1992-08-19,0.612
1992-08-18,0.621
1992-08-17,0.616
1992-08-14,0.608
1992-08-13,0.611
1992-08-12,0.606
1992-08-11,0.598
1992-08-10,0.598
1992-08-07,0.601
1992-08-06,0.603
1992-08-05,0.59
1992-08-04,0.597
1992-08-03,0.599
1992-07-31,0.608
1992-07-30,0.612
1992-07-29,0.622
1992-07-28,0.618
1992-07-27,0.619
1992-07-24,0.621
1992-07-23,0.613
1992-07-22,0.607
1992-07-21,0.604
1992-07-20,0.602
1992-07-17,0.598
1992-07-16,0.61
1992-07-15,0.599
1992-07-14,0.59
1992-07-13,0.581
1992-07-10,0.58
1992-07-09,0.588
1992-07-08,0.585
1992-07-07,0.599
1992-07-06,0.616
1992-07-02,0.625
1992-07-01,0.618
1992-06-30,0.603
1992-06-29,0.616
1992-06-26,0.629
1992-06-25,0.634
1992-06-24,0.652
1992-06-23,0.651
1992-06-22,0.65
1992-06-19,0.654
1992-06-18,0.652
1992-06-17,0.656
1992-06-16,0.654
1992-06-15,0.657
1992-06-12,0.66
1992-06-11,0.661
1992-06-10,0.672
1992-06-09,0.669
1992-06-08,0.672
1992-06-05,0.672
1992-06-04,0.672
1992-06-03,0.673
1992-06-02,0.658
1992-06-01,0.659
1992-05-29,0.659
1992-05-28,0.652
1992-05-27,0.654
1992-05-26,0.663
1992-05-22,0.639
1992-05-21,0.633
1992-05-20,0.623
1992-05-19,0.62
1992-05-18,0.63
1992-05-15,0.637
1992-05-14,0.63
1992-05-13,0.637
1992-05-12,0.648
1992-05-11,0.653
1992-05-08,0.649
1992-05-07,0.648
1992-05-06,0.653
1992-05-05,0.656
1992-05-04,0.665
1992-05-01,0.647
1992-04-30,0.632
1992-04-29,0.627
1992-04-28,0.626
1992-04-27,0.621
1992-04-24,0.622
1992-04-23,0.617
1992-04-22,0.617
1992-04-21,0.625
1992-04-20,0.618
1992-04-16,0.612
1992-04-15,0.594
1992-04-14,0.582
1992-04-13,0.598
1992-04-10,0.614
1992-04-09,0.617
1992-04-08,0.627
1992-04-07,0.623
1992-04-06,0.635
1992-04-03,0.627
1992-04-02,0.617
1992-04-01,0.623
1992-03-31,0.588
1992-03-30,0.585
1992-03-27,0.585
1992-03-26,0.586
1992-03-25,0.577
1992-03-24,0.578
1992-03-23,0.578
1992-03-20,0.575
1992-03-19,0.593
1992-03-18,0.588
1992-03-17,0.602
1992-03-16,0.6
1992-03-13,0.594
1992-03-12,0.586
1992-03-11,0.58
1992-03-10,0.58
1992-03-09,0.575
1992-03-06,0.577
1992-03-05,0.593
1992-03-04,0.596
1992-03-03,0.591
1992-03-02,0.588
1992-02-28,0.555
1992-02-27,0.563
1992-02-26,0.546
1992-02-25,0.537
1992-02-24,0.537
1992-02-21,0.546
1992-02-20,0.555
1992-02-19,0.558
1992-02-18,0.551
1992-02-14,0.575
1992-02-13,0.586
1992-02-12,0.58
1992-02-11,0.571
1992-02-10,0.588
1992-02-07,0.597
1992-02-06,0.592
1992-02-05,0.596
1992-02-04,0.591
1992-02-03,0.578
1992-01-31,0.559
1992-01-30,0.555
1992-01-29,0.546
1992-01-28,0.54
1992-01-27,0.549
1992-01-24,0.537
1992-01-23,0.529
1992-01-22,0.537
1992-01-21,0.53
1992-01-20,0.542
1992-01-17,0.551
1992-01-16,0.544
1992-01-15,0.533
1992-01-14,0.525
1992-01-13,0.531
1992-01-10,0.522
1992-01-09,0.503
1992-01-08,0.51
1992-01-07,0.531
1992-01-06,0.552
1992-01-03,0.553
1992-01-02,0.554
1991-12-31,0.549
1991-12-30,0.54
1991-12-27,0.534
1991-12-26,0.53
1991-12-24,0.539
1991-12-23,0.53
1991-12-20,0.522
1991-12-19,0.536
1991-12-18,0.542
1991-12-17,0.546
1991-12-16,0.547
1991-12-13,0.549
1991-12-12,0.546
1991-12-11,0.534
1991-12-10,0.54
1991-12-09,0.533
1991-12-06,0.55
1991-12-05,0.56
1991-12-04,0.571
1991-12-03,0.567
1991-12-02,0.586
1991-11-29,0.623
1991-11-27,0.62
1991-11-26,0.616
1991-11-25,0.622
1991-11-22,0.625
1991-11-21,0.638
1991-11-20,0.635
1991-11-19,0.626
1991-11-18,0.634
1991-11-15,0.64
1991-11-14,0.632
1991-11-13,0.621
1991-11-12,0.615
1991-11-11,0.626
1991-11-08,0.649
1991-11-07,0.654
1991-11-06,0.663
1991-11-05,0.672
1991-11-04,0.662
1991-11-01,0.655
1991-10-31,0.669
1991-10-30,0.669
1991-10-29,0.664
1991-10-28,0.656
1991-10-25,0.647
1991-10-24,0.653
1991-10-23,0.639
1991-10-22,0.652
1991-10-21,0.654
1991-10-18,0.657
1991-10-17,0.645
1991-10-16,0.633
1991-10-15,0.633
1991-10-14,0.63
1991-10-11,0.624
1991-10-10,0.625
1991-10-09,0.632
1991-10-08,0.635
1991-10-07,0.629
1991-10-04,0.623
1991-10-03,0.628
1991-10-02,0.618
1991-10-01,0.611
1991-09-30,0.622
1991-09-27,0.63
1991-09-26,0.62
1991-09-25,0.618
1991-09-24,0.611
1991-09-23,0.614
1991-09-20,0.609
1991-09-19,0.61
1991-09-18,0.618
1991-09-17,0.611
1991-09-16,0.618
1991-09-13,0.617
1991-09-12,0.614
1991-09-11,0.615
1991-09-10,0.609
1991-09-09,0.608
1991-09-06,0.612
1991-09-05,0.615
1991-09-04,0.622
1991-09-03,0.63
1991-08-30,0.65
1991-08-29,0.66
1991-08-28,0.653
1991-08-27,0.668
1991-08-26,0.673
1991-08-23,0.681
1991-08-22,0.686
1991-08-21,0.679
1991-08-20,0.691
1991-08-19,0.684
1991-08-16,0.67
1991-08-15,0.668
1991-08-14,0.663
1991-08-13,0.682
1991-08-12,0.697
1991-08-09,0.695
1991-08-08,0.687
1991-08-07,0.668
1991-08-06,0.666
1991-08-05,0.672
1991-08-02,0.664
1991-08-01,0.652
1991-07-31,0.682
1991-07-30,0.664
1991-07-29,0.648
1991-07-26,0.658
1991-07-25,0.66
1991-07-24,0.662
1991-07-23,0.652
1991-07-22,0.654
1991-07-19,0.655
1991-07-18,0.643
1991-07-17,0.647
1991-07-16,0.633
1991-07-15,0.634
1991-07-12,0.646
1991-07-11,0.641
1991-07-10,0.642
1991-07-09,0.634
1991-07-08,0.63
1991-07-05,0.626
1991-07-03,0.62
1991-07-02,0.634
1991-07-01,0.628
1991-06-28,0.632
1991-06-27,0.633
1991-06-26,0.617
1991-06-25,0.612
1991-06-24,0.609
1991-06-21,0.611
1991-06-20,0.614
1991-06-19,0.619
1991-06-18,0.628
1991-06-17,0.63
1991-06-14,0.625
1991-06-13,0.625
1991-06-12,0.633
1991-06-11,0.64
1991-06-10,0.635
1991-06-07,0.643
1991-06-06,0.644
1991-06-05,0.641
1991-06-04,0.663
1991-06-03,0.663
1991-05-31,0.669
1991-05-30,0.683
1991-05-29,0.67
1991-05-28,0.679
1991-05-24,0.674
1991-05-23,0.672
1991-05-22,0.67
1991-05-21,0.688
1991-05-20,0.689
1991-05-17,0.69
1991-05-16,0.687
1991-05-15,0.691
1991-05-14,0.7
1991-05-13,0.713
1991-05-10,0.712
1991-05-09,0.73
1991-05-08,0.721
1991-05-07,0.713
1991-05-06,0.722
1991-05-03,0.714
1991-05-02,0.708
1991-05-01,0.708
1991-04-30,0.7
1991-04-29,0.721
1991-04-26,0.723
1991-04-25,0.715
1991-04-24,0.718
1991-04-23,0.718
1991-04-22,0.744
1991-04-19,0.736
1991-04-18,0.738
1991-04-17,0.742
1991-04-16,0.723
1991-04-15,0.726
1991-04-12,0.71
1991-04-11,0.7
1991-04-10,0.707
1991-04-09,0.685
1991-04-08,0.69
1991-04-05,0.678
1991-04-04,0.673
1991-04-03,0.66
1991-04-02,0.677
1991-04-01,0.661
1991-03-28,0.712
1991-03-27,0.723
1991-03-26,0.705
1991-03-25,0.697
1991-03-22,0.712
1991-03-21,0.731
1991-03-20,0.738
1991-03-19,0.718
1991-03-18,0.698
1991-03-15,0.701
1991-03-14,0.699
1991-03-13,0.713
1991-03-12,0.717
1991-03-11,0.714
1991-03-08,0.7
1991-03-07,0.704
1991-03-06,0.71
1991-03-05,0.709
1991-03-04,0.694
1991-03-01,0.655
1991-02-28,0.679
1991-02-27,0.672
1991-02-26,0.64
1991-02-25,0.607
1991-02-22,0.593
1991-02-21,0.597
1991-02-20,0.607
1991-02-19,0.586
1991-02-15,0.59
1991-02-14,0.616
1991-02-13,0.624
1991-02-12,0.634
1991-02-11,0.625
1991-02-08,0.612
1991-02-07,0.606
1991-02-06,0.617
1991-02-05,0.607
1991-02-04,0.609
1991-02-01,0.611
1991-01-31,0.683
1991-01-30,0.65
1991-01-29,0.649
1991-01-28,0.621
1991-01-25,0.627
1991-01-24,0.626
1991-01-23,0.631
1991-01-22,0.636
1991-01-21,0.595
1991-01-18,0.578
1991-01-17,0.603
1991-01-16,0.822
1991-01-15,0.77
1991-01-14,0.823
1991-01-11,0.729
1991-01-10,0.741
1991-01-09,0.733
1991-01-08,0.702
1991-01-07,0.716
1991-01-04,0.646
1991-01-03,0.659
1991-01-02,0.681
1990-12-31,0.709
1990-12-28,0.696
1990-12-27,0.686
1990-12-26,0.681
1990-12-21,0.662
1990-12-20,0.667
1990-12-19,0.674
1990-12-18,0.667
1990-12-17,0.663
1990-12-14,0.662
1990-12-13,0.656
1990-12-12,0.645
1990-12-11,0.668
1990-12-10,0.677
1990-12-07,0.665
1990-12-06,0.666
1990-12-05,0.688
1990-12-04,0.759
1990-12-03,0.735
1990-11-30,0.776
1990-11-29,0.834
1990-11-28,0.838
1990-11-27,0.847
1990-11-26,0.842
1990-11-23,0.824
1990-11-21,0.79
1990-11-20,0.775
1990-11-19,0.804
1990-11-16,0.776
1990-11-15,0.802
1990-11-14,0.804
1990-11-13,0.831
1990-11-12,0.835
1990-11-09,0.882
1990-11-08,0.905
1990-11-07,0.912
1990-11-06,0.878
1990-11-05,0.875
1990-11-02,0.892
1990-11-01,0.923
1990-10-31,0.964
1990-10-30,0.937
1990-10-29,0.924
1990-10-26,0.915
1990-10-25,0.936
1990-10-24,0.854
1990-10-23,0.799
1990-10-22,0.765
1990-10-19,0.879
1990-10-18,0.93
1990-10-17,0.934
1990-10-16,0.979
1990-10-15,0.95
1990-10-12,0.971
1990-10-11,0.96
1990-10-10,0.936
1990-10-09,0.983
1990-10-08,0.938
1990-10-05,0.926
1990-10-04,0.909
1990-10-03,0.931
1990-10-02,0.869
1990-10-01,0.939
1990-09-28,1.018
1990-09-27,1.027
1990-09-26,1.001
1990-09-25,1.021
1990-09-24,1.042
1990-09-21,0.975
1990-09-20,0.915
1990-09-19,0.899
1990-09-18,0.916
1990-09-17,0.917
1990-09-14,0.904
1990-09-13,0.934
1990-09-12,0.938
1990-09-11,0.936
1990-09-10,0.947
1990-09-07,0.931
1990-09-06,0.951
1990-09-05,0.923
1990-09-04,0.945
1990-08-31,0.963
1990-08-30,0.891
1990-08-29,0.847
1990-08-28,0.885
1990-08-27,0.876
1990-08-24,1.047
1990-08-23,1.086
1990-08-22,1.041
1990-08-21,1.013
1990-08-20,1.003
1990-08-17,0.96
1990-08-16,0.875
1990-08-15,0.841
1990-08-14,0.827
1990-08-10,0.795
1990-08-09,0.764
1990-08-08,0.762
1990-08-07,0.824
1990-08-06,0.815
1990-08-03,0.722
1990-08-02,0.681
1990-08-01,0.643
1990-07-31,0.656
1990-07-30,0.659
1990-07-27,0.649
1990-07-26,0.653
1990-07-25,0.63
1990-07-24,0.633
1990-07-23,0.634
1990-07-20,0.63
1990-07-19,0.631
1990-07-18,0.627
1990-07-17,0.641
1990-07-16,0.644
1990-07-13,0.62
1990-07-12,0.606
1990-07-11,0.58
1990-07-10,0.579
1990-07-09,0.569
1990-07-06,0.554
1990-07-05,0.55
1990-07-03,0.561
1990-07-02,0.567
1990-06-29,0.626
1990-06-28,0.609
1990-06-27,0.595
1990-06-26,0.613
1990-06-25,0.623
1990-06-22,0.614
1990-06-21,0.602
1990-06-20,0.605
1990-06-19,0.599
1990-06-18,0.616
1990-06-15,0.615
1990-06-14,0.601
1990-06-13,0.589
1990-06-12,0.585
1990-06-11,0.559
1990-06-08,0.566
1990-06-07,0.576
1990-06-06,0.584
1990-06-05,0.578
1990-06-04,0.596
1990-06-01,0.608
1990-05-31,0.639
1990-05-30,0.669
1990-05-29,0.658
1990-05-25,0.634
1990-05-24,0.632
1990-05-23,0.625
1990-05-22,0.63
1990-05-21,0.634
1990-05-18,0.644
1990-05-17,0.642
1990-05-16,0.642
1990-05-15,0.635
1990-05-14,0.63
1990-05-11,0.619
1990-05-10,0.637
1990-05-09,0.64
1990-05-08,0.625
1990-05-07,0.619
1990-05-04,0.611
1990-05-03,0.597
1990-05-02,0.61
1990-05-01,0.61
1990-04-30,0.6
1990-04-27,0.61
1990-04-26,0.613
1990-04-25,0.626
1990-04-24,0.644
1990-04-23,0.635
1990-04-20,0.619
1990-04-19,0.618
1990-04-18,0.596
1990-04-17,0.604
1990-04-16,0.602
1990-04-12,0.586
1990-04-11,0.596
1990-04-10,0.584
1990-04-09,0.609
1990-04-06,0.621
1990-04-05,0.633
1990-04-04,0.649
1990-04-03,0.659
1990-04-02,0.661
1990-03-30,0.599
1990-03-29,0.577
1990-03-28,0.575
1990-03-27,0.572
1990-03-26,0.577
1990-03-23,0.577
1990-03-22,0.574
1990-03-21,0.579
1990-03-20,0.573
1990-03-19,0.564
1990-03-16,0.57
1990-03-15,0.579
1990-03-14,0.559
1990-03-13,0.549
1990-03-12,0.543
1990-03-09,0.55
1990-03-08,0.561
1990-03-07,0.567
1990-03-06,0.578
1990-03-05,0.593
1990-03-02,0.565
1990-03-01,0.558
1990-02-28,0.558
1990-02-27,0.576
1990-02-26,0.598
1990-02-23,0.599
1990-02-22,0.603
1990-02-21,0.594
1990-02-20,0.602
1990-02-16,0.6
1990-02-15,0.606
1990-02-14,0.599
1990-02-13,0.604
1990-02-12,0.604
1990-02-09,0.596
1990-02-08,0.612
1990-02-07,0.612
1990-02-06,0.619
1990-02-05,0.624
1990-02-02,0.642
1990-02-01,0.627
1990-01-31,0.617
1990-01-30,0.627
1990-01-29,0.628
1990-01-26,0.621
1990-01-25,0.606
1990-01-24,0.594
1990-01-23,0.596
1990-01-22,0.606
1990-01-19,0.616
1990-01-18,0.607
1990-01-17,0.614
1990-01-16,0.643
1990-01-15,0.636
1990-01-12,0.651
1990-01-11,0.655
1990-01-10,0.643
1990-01-09,0.609
1990-01-08,0.585
1990-01-05,0.622
1990-01-04,0.653
1990-01-03,0.672
1990-01-02,0.657
1989-12-29,0.632
1989-12-28,0.601
1989-12-27,0.609
1989-12-26,0.609
1989-12-22,0.555
1989-12-21,0.556
1989-12-20,0.532
1989-12-19,0.539
1989-12-18,0.545
1989-12-15,0.528
1989-12-14,0.516
1989-12-13,0.519
1989-12-12,0.52
1989-12-11,0.524
1989-12-08,0.527
1989-12-07,0.528
1989-12-06,0.532
1989-12-05,0.528
1989-12-04,0.525
1989-12-01,0.521
1989-11-30,0.503
1989-11-29,0.497
1989-11-28,0.495
1989-11-27,0.509
1989-11-24,0.516
1989-11-22,0.517
1989-11-21,0.52
1989-11-20,0.522
1989-11-17,0.52
1989-11-16,0.513
1989-11-15,0.506
1989-11-14,0.503
1989-11-13,0.511
1989-11-10,0.518
1989-11-09,0.522
1989-11-08,0.519
1989-11-07,0.524
1989-11-06,0.525
1989-11-03,0.521
1989-11-02,0.522
1989-11-01,0.529
1989-10-31,0.525
1989-10-30,0.534
1989-10-27,0.546
1989-10-26,0.536
1989-10-25,0.534
1989-10-24,0.528
1989-10-23,0.535
1989-10-20,0.545
1989-10-19,0.547
1989-10-18,0.546
1989-10-17,0.558
1989-10-16,0.559
1989-10-13,0.562
1989-10-12,0.556
1989-10-11,0.557
1989-10-10,0.56
1989-10-09,0.55
1989-10-06,0.548
1989-10-05,0.55
1989-10-04,0.554
1989-10-03,0.566
1989-10-02,0.568
1989-09-29,0.604
1989-09-28,0.609
1989-09-27,0.587
1989-09-26,0.604
1989-09-25,0.617
1989-09-22,0.62
1989-09-21,0.619
1989-09-20,0.597
1989-09-19,0.577
1989-09-18,0.581
1989-09-15,0.576
1989-09-14,0.567
1989-09-13,0.578
1989-09-12,0.569
1989-09-11,0.571
1989-09-08,0.571
1989-09-07,0.556
1989-09-06,0.551
1989-09-05,0.538
1989-09-01,0.533
1989-08-31,0.55
1989-08-30,0.55
1989-08-29,0.546
1989-08-28,0.537
1989-08-25,0.533
1989-08-24,0.542
1989-08-23,0.539
1989-08-22,0.536
1989-08-21,0.528
1989-08-18,0.527
1989-08-17,0.524
1989-08-16,0.529
1989-08-15,0.521
1989-08-14,0.521
1989-08-11,0.515
1989-08-10,0.514
1989-08-09,0.506
1989-08-08,0.504
1989-08-07,0.498
1989-08-04,0.502
1989-08-03,0.507
1989-08-02,0.509
1989-08-01,0.514
1989-07-31,0.535
1989-07-28,0.53
1989-07-27,0.52
1989-07-26,0.513
1989-07-25,0.521
1989-07-24,0.532
1989-07-21,0.545
1989-07-20,0.541
1989-07-19,0.547
1989-07-18,0.561
1989-07-17,0.571
1989-07-14,0.568
1989-07-13,0.575
1989-07-12,0.574
1989-07-11,0.566
1989-07-10,0.565
1989-07-07,0.566
1989-07-06,0.563
1989-07-05,0.574
1989-06-30,0.599
1989-06-29,0.615
1989-06-28,0.612
1989-06-27,0.637
1989-06-26,0.637
1989-06-23,0.629
1989-06-22,0.61
1989-06-21,0.591
1989-06-20,0.592
1989-06-19,0.59
1989-06-16,0.581
1989-06-15,0.594
1989-06-14,0.599
1989-06-13,0.599
1989-06-12,0.617
1989-06-09,0.637
1989-06-08,0.64
1989-06-07,0.633
1989-06-06,0.649
1989-06-05,0.658
1989-06-02,0.649
1989-06-01,0.633
1989-05-31,0.674
1989-05-30,0.666
1989-05-26,0.664
1989-05-25,0.666
1989-05-24,0.668
1989-05-23,0.642
1989-05-22,0.639
1989-05-19,0.652
1989-05-18,0.645
1989-05-17,0.633
1989-05-16,0.658
1989-05-15,0.661
1989-05-12,0.67
1989-05-11,0.673
1989-05-10,0.647
1989-05-09,0.655
1989-05-08,0.65
1989-05-05,0.675
1989-05-04,0.696
1989-05-03,0.694
1989-05-02,0.713
1989-05-01,0.726
1989-04-28,0.742
1989-04-27,0.781
1989-04-26,0.781
1989-04-25,0.762
1989-04-24,0.722
1989-04-21,0.742
1989-04-20,0.747
1989-04-19,0.746
1989-04-18,0.739
1989-04-17,0.721
1989-04-14,0.7
1989-04-13,0.688
1989-04-12,0.701
1989-04-11,0.69
1989-04-10,0.673
1989-04-07,0.65
1989-04-06,0.646
1989-04-05,0.664
1989-04-04,0.695
1989-04-03,0.679
1989-03-31,0.653
1989-03-30,0.632
1989-03-29,0.602
1989-03-28,0.587
1989-03-27,0.598
1989-03-23,0.58
1989-03-22,0.574
1989-03-21,0.571
1989-03-20,0.555
1989-03-17,0.556
1989-03-16,0.558
1989-03-15,0.558
1989-03-14,0.535
1989-03-13,0.532
1989-03-10,0.518
1989-03-09,0.516
1989-03-08,0.519
1989-03-07,0.514
1989-03-06,0.516
1989-03-03,0.515
1989-03-02,0.522
1989-03-01,0.516
1989-02-28,0.508
1989-02-27,0.507
1989-02-24,0.501
1989-02-23,0.497
1989-02-22,0.491
1989-02-21,0.484
1989-02-17,0.493
1989-02-16,0.491
1989-02-15,0.488
1989-02-14,0.473
1989-02-13,0.482
1989-02-10,0.476
1989-02-09,0.484
1989-02-08,0.489
1989-02-07,0.493
1989-02-06,0.487
1989-02-03,0.492
1989-02-02,0.496
1989-02-01,0.496
1989-01-31,0.477
1989-01-30,0.489
1989-01-27,0.496
1989-01-26,0.499
1989-01-25,0.517
1989-01-24,0.505
1989-01-23,0.496
1989-01-20,0.518
1989-01-19,0.521
1989-01-18,0.523
1989-01-17,0.511
1989-01-16,0.509
1989-01-13,0.5
1989-01-12,0.493
1989-01-11,0.487
1989-01-10,0.479
1989-01-09,0.48
1989-01-06,0.477
1989-01-05,0.474
1989-01-04,0.473
1989-01-03,0.473
1988-12-30,0.479
1988-12-29,0.47
1988-12-28,0.47
1988-12-27,0.475
1988-12-23,0.469
1988-12-22,0.466
1988-12-21,0.457
1988-12-20,0.456
1988-12-19,0.454
1988-12-16,0.451
1988-12-15,0.437
1988-12-14,0.437
1988-12-13,0.433
1988-12-12,0.442
1988-12-09,0.445
1988-12-08,0.439
1988-12-07,0.438
1988-12-06,0.444
1988-12-05,0.444
1988-12-02,0.456
1988-12-01,0.46
1988-11-30,0.491
1988-11-29,0.469
1988-11-28,0.464
1988-11-23,0.445
1988-11-22,0.453
1988-11-21,0.443
1988-11-18,0.457
1988-11-17,0.457
1988-11-16,0.465
1988-11-15,0.47
1988-11-14,0.482
1988-11-11,0.467
1988-11-10,0.474
1988-11-09,0.473
1988-11-08,0.464
1988-11-07,0.473
1988-11-04,0.463
1988-11-03,0.452
1988-11-02,0.438
1988-11-01,0.436
1988-10-31,0.502
1988-10-28,0.518
1988-10-27,0.507
1988-10-26,0.517
1988-10-25,0.519
1988-10-24,0.5
1988-10-21,0.512
1988-10-20,0.494
1988-10-19,0.491
1988-10-18,0.469
1988-10-17,0.468
1988-10-14,0.454
1988-10-13,0.442
1988-10-12,0.427
1988-10-11,0.408
1988-10-10,0.414
1988-10-07,0.401
1988-10-06,0.395
1988-10-05,0.394
1988-10-04,0.411
1988-10-03,0.42
1988-09-30,0.479
1988-09-29,0.464
1988-09-28,0.462
1988-09-27,0.456
1988-09-26,0.453
1988-09-23,0.45
1988-09-22,0.459
1988-09-21,0.454
1988-09-20,0.444
1988-09-19,0.442
1988-09-16,0.442
1988-09-15,0.456
1988-09-14,0.47
1988-09-13,0.438
1988-09-12,0.426
1988-09-09,0.421
1988-09-08,0.43
1988-09-07,0.426
1988-09-06,0.425
1988-09-02,0.44
1988-09-01,0.447
1988-08-31,0.468
1988-08-30,0.48
1988-08-29,0.472
1988-08-26,0.468
1988-08-25,0.464
1988-08-24,0.475
1988-08-23,0.472
1988-08-22,0.475
1988-08-19,0.476
1988-08-18,0.473
1988-08-17,0.466
1988-08-16,0.461
1988-08-15,0.464
1988-08-12,0.46
1988-08-11,0.46
1988-08-10,0.456
1988-08-09,0.462
1988-08-08,0.467
1988-08-05,0.452
1988-08-04,0.45
1988-08-03,0.452
1988-08-02,0.479
1988-08-01,0.486
1988-07-29,0.517
1988-07-28,0.52
1988-07-27,0.508
1988-07-26,0.502
1988-07-25,0.512
1988-07-22,0.521
1988-07-21,0.521
1988-07-20,0.509
1988-07-19,0.507
1988-07-18,0.511
1988-07-15,0.497
1988-07-14,0.505
1988-07-13,0.505
1988-07-12,0.535
1988-07-11,0.521
1988-07-08,0.532
1988-07-07,0.531
1988-07-06,0.506
1988-07-05,0.497
1988-07-01,0.484
1988-06-30,0.519
1988-06-29,0.526
1988-06-28,0.515
1988-06-27,0.511
1988-06-24,0.509
1988-06-23,0.511
1988-06-22,0.504
1988-06-21,0.5
1988-06-20,0.495
1988-06-17,0.5
1988-06-16,0.502
1988-06-15,0.492
1988-06-14,0.495
1988-06-13,0.485
1988-06-10,0.492
1988-06-09,0.497
1988-06-08,0.503
1988-06-07,0.502
1988-06-06,0.497
1988-06-03,0.509
1988-06-02,0.515
1988-06-01,0.517
1988-05-31,0.53
1988-05-27,0.526
1988-05-26,0.524
1988-05-25,0.517
1988-05-24,0.519
1988-05-23,0.514
1988-05-20,0.524
1988-05-19,0.523
1988-05-18,0.522
1988-05-17,0.527
1988-05-16,0.527
1988-05-13,0.523
1988-05-12,0.519
1988-05-11,0.523
1988-05-10,0.516
1988-05-09,0.516
1988-05-06,0.515
1988-05-05,0.506
1988-05-04,0.497
1988-05-03,0.503
1988-05-02,0.494
1988-04-29,0.517
1988-04-28,0.518
1988-04-27,0.524
1988-04-26,0.524
1988-04-25,0.521
1988-04-22,0.523
1988-04-21,0.525
1988-04-20,0.514
1988-04-19,0.521
1988-04-18,0.533
1988-04-15,0.526
1988-04-14,0.524
1988-04-13,0.524
1988-04-12,0.521
1988-04-11,0.51
1988-04-08,0.488
1988-04-07,0.488
1988-04-06,0.484
1988-04-05,0.486
1988-04-04,0.494
1988-03-31,0.487
1988-03-30,0.487
1988-03-29,0.483
1988-03-28,0.48
1988-03-25,0.479
1988-03-24,0.473
1988-03-23,0.473
1988-03-22,0.463
1988-03-21,0.461
1988-03-18,0.46
1988-03-17,0.456
1988-03-16,0.452
1988-03-15,0.444
1988-03-14,0.444
1988-03-11,0.456
1988-03-10,0.451
1988-03-09,0.44
1988-03-08,0.437
1988-03-07,0.439
1988-03-04,0.445
1988-03-03,0.444
1988-03-02,0.449
1988-03-01,0.453
1988-02-29,0.457
1988-02-26,0.453
1988-02-25,0.454
1988-02-24,0.464
1988-02-23,0.469
1988-02-22,0.463
1988-02-19,0.464
1988-02-18,0.46
1988-02-17,0.467
1988-02-16,0.463
1988-02-12,0.463
1988-02-11,0.467
1988-02-10,0.465
1988-02-09,0.476
1988-02-08,0.481
1988-02-05,0.472
1988-02-04,0.468
1988-02-03,0.466
1988-02-02,0.459
1988-02-01,0.456
1988-01-29,0.454
1988-01-28,0.455
1988-01-27,0.45
1988-01-26,0.454
1988-01-25,0.451
1988-01-22,0.445
1988-01-21,0.45
1988-01-20,0.457
1988-01-19,0.458
1988-01-18,0.458
1988-01-15,0.449
1988-01-14,0.45
1988-01-13,0.435
1988-01-12,0.435
1988-01-11,0.44
1988-01-08,0.453
1988-01-07,0.457
1988-01-06,0.461
1988-01-05,0.459
1988-01-04,0.461
1987-12-31,0.437
1987-12-30,0.437
1987-12-29,0.439
1987-12-28,0.431
1987-12-24,0.434
1987-12-23,0.438
1987-12-22,0.442
1987-12-21,0.413
1987-12-18,0.409
1987-12-17,0.417
1987-12-16,0.417
1987-12-15,0.431
1987-12-14,0.451
1987-12-11,0.468
1987-12-10,0.467
1987-12-09,0.467
1987-12-08,0.465
1987-12-07,0.468
1987-12-04,0.48
1987-12-03,0.484
1987-12-02,0.483
1987-12-01,0.486
1987-11-30,0.493
1987-11-25,0.498
1987-11-24,0.498
1987-11-23,0.496
1987-11-20,0.495
1987-11-19,0.492
1987-11-18,0.494
1987-11-17,0.491
1987-11-16,0.496
1987-11-13,0.504
1987-11-12,0.508
1987-11-11,0.508
1987-11-10,0.507
1987-11-09,0.501
1987-11-06,0.507
1987-11-05,0.51
1987-11-04,0.509
1987-11-03,0.515
1987-11-02,0.513
1987-10-30,0.542
1987-10-29,0.539
1987-10-28,0.54
1987-10-27,0.546
1987-10-26,0.537
1987-10-23,0.544
1987-10-22,0.541
1987-10-21,0.535
1987-10-20,0.525
1987-10-19,0.527
1987-10-16,0.538
1987-10-15,0.524
1987-10-14,0.524
1987-10-13,0.518
1987-10-12,0.515
1987-10-09,0.515
1987-10-08,0.513
1987-10-07,0.511
1987-10-06,0.506
1987-10-05,0.515
1987-10-02,0.515
1987-10-01,0.508
1987-09-30,0.515
1987-09-29,0.514
1987-09-28,0.512
1987-09-25,0.513
1987-09-24,0.513
1987-09-23,0.51
1987-09-22,0.502
1987-09-21,0.503
1987-09-18,0.504
1987-09-17,0.51
1987-09-16,0.512
1987-09-15,0.514
1987-09-14,0.511
1987-09-11,0.503
1987-09-10,0.51
1987-09-09,0.503
1987-09-08,0.494
1987-09-04,0.502
1987-09-03,0.504
1987-09-02,0.502
1987-09-01,0.498
1987-08-31,0.507
1987-08-28,0.504
1987-08-27,0.51
1987-08-26,0.509
1987-08-25,0.493
1987-08-24,0.492
1987-08-21,0.497
1987-08-20,0.504
1987-08-19,0.508
1987-08-18,0.515
1987-08-17,0.516
1987-08-14,0.531
1987-08-13,0.541
1987-08-12,0.545
1987-08-11,0.546
1987-08-10,0.543
1987-08-07,0.546
1987-08-06,0.548
1987-08-05,0.55
1987-08-04,0.559
1987-08-03,0.559
1987-07-31,0.545
1987-07-30,0.551
1987-07-29,0.56
1987-07-28,0.559
1987-07-27,0.545
1987-07-24,0.544
1987-07-23,0.555
1987-07-22,0.558
1987-07-21,0.557
1987-07-20,0.571
1987-07-17,0.571
1987-07-16,0.566
1987-07-15,0.565
1987-07-14,0.555
1987-07-13,0.55
1987-07-10,0.557
1987-07-09,0.556
1987-07-08,0.553
1987-07-07,0.553
1987-07-06,0.557
1987-07-02,0.554
1987-07-01,0.549
1987-06-30,0.553
1987-06-29,0.558
1987-06-26,0.559
1987-06-25,0.543
1987-06-24,0.543
1987-06-23,0.542
1987-06-22,0.541
1987-06-19,0.554
1987-06-18,0.557
1987-06-17,0.554
1987-06-16,0.558
1987-06-15,0.56
1987-06-12,0.56
1987-06-11,0.561
1987-06-10,0.565
1987-06-09,0.565
1987-06-08,0.564
1987-06-05,0.556
1987-06-04,0.554
1987-06-03,0.556
1987-06-02,0.548
1987-06-01,0.545
1987-05-29,0.552
1987-05-28,0.549
1987-05-27,0.549
1987-05-26,0.549
1987-05-22,0.551
1987-05-21,0.548
1987-05-20,0.544
1987-05-19,0.553
1987-05-18,0.553
1987-05-15,0.555
1987-05-14,0.549
1987-05-13,0.544
1987-05-12,0.538
1987-05-11,0.542
1987-05-08,0.536
1987-05-07,0.532
1987-05-06,0.535
1987-05-05,0.525
1987-05-04,0.522
1987-05-01,0.522
1987-04-30,0.52
1987-04-29,0.515
1987-04-28,0.529
1987-04-27,0.529
1987-04-24,0.522
1987-04-23,0.514
1987-04-22,0.507
1987-04-21,0.511
1987-04-20,0.506
1987-04-16,0.506
1987-04-15,0.508
1987-04-14,0.5
1987-04-13,0.506
1987-04-10,0.505
1987-04-09,0.512
1987-04-08,0.516
1987-04-07,0.533
1987-04-06,0.529
1987-04-03,0.53
1987-04-02,0.533
1987-04-01,0.535
1987-03-31,0.527
1987-03-30,0.522
1987-03-27,0.528
1987-03-26,0.532
1987-03-25,0.533
1987-03-24,0.54
1987-03-23,0.529
1987-03-20,0.526
1987-03-19,0.527
1987-03-18,0.526
1987-03-17,0.535
1987-03-16,0.532
1987-03-13,0.529
1987-03-12,0.528
1987-03-11,0.529
1987-03-10,0.522
1987-03-09,0.517
1987-03-06,0.52
1987-03-05,0.512
1987-03-04,0.507
1987-03-03,0.501
1987-03-02,0.473
1987-02-27,0.46
1987-02-26,0.467
1987-02-25,0.45
1987-02-24,0.459
1987-02-23,0.47
1987-02-20,0.486
1987-02-19,0.478
1987-02-18,0.478
1987-02-17,0.486
1987-02-13,0.493
1987-02-12,0.496
1987-02-11,0.494
1987-02-10,0.508
1987-02-09,0.509
1987-02-06,0.517
1987-02-05,0.52
1987-02-04,0.509
1987-02-03,0.507
1987-02-02,0.51
1987-01-30,0.499
1987-01-29,0.494
1987-01-28,0.487
1987-01-27,0.484
1987-01-26,0.484
1987-01-23,0.495
1987-01-22,0.506
1987-01-21,0.497
1987-01-20,0.506
1987-01-19,0.496
1987-01-16,0.504
1987-01-15,0.512
1987-01-14,0.516
1987-01-13,0.515
1987-01-12,0.524
1987-01-09,0.519
1987-01-08,0.507
1987-01-07,0.498
1987-01-06,0.498
1987-01-05,0.487
1987-01-02,0.497
1986-12-31,0.479
1986-12-30,0.466
1986-12-29,0.472
1986-12-24,0.46
1986-12-23,0.457
1986-12-22,0.461
1986-12-19,0.447
1986-12-18,0.438
1986-12-17,0.431
1986-12-16,0.431
1986-12-15,0.437
1986-12-12,0.434
1986-12-11,0.425
1986-12-10,0.412
1986-12-09,0.408
1986-12-08,0.411
1986-12-05,0.416
1986-12-04,0.413
1986-12-03,0.413
1986-12-02,0.415
1986-12-01,0.416
1986-11-26,0.413
1986-11-25,0.408
1986-11-24,0.406
1986-11-21,0.416
1986-11-20,0.413
1986-11-19,0.422
1986-11-18,0.421
1986-11-17,0.423
1986-11-14,0.424
1986-11-13,0.423
1986-11-12,0.416
1986-11-11,0.419
1986-11-10,0.416
1986-11-07,0.413
1986-11-06,0.415
1986-11-05,0.412
1986-11-04,0.411
1986-11-03,0.4
1986-10-31,0.406
1986-10-30,0.4
1986-10-29,0.379
1986-10-28,0.389
1986-10-27,0.397
1986-10-24,0.414
1986-10-23,0.412
1986-10-22,0.413
1986-10-21,0.425
1986-10-20,0.427
1986-10-17,0.419
1986-10-16,0.416
1986-10-15,0.421
1986-10-14,0.41
1986-10-13,0.404
1986-10-10,0.423
1986-10-09,0.428
1986-10-08,0.431
1986-10-07,0.423
1986-10-06,0.414
1986-10-03,0.416
1986-10-02,0.429
1986-10-01,0.418
1986-09-30,0.402
1986-09-29,0.402
1986-09-26,0.398
1986-09-25,0.394
1986-09-24,0.402
1986-09-23,0.403
1986-09-22,0.4
1986-09-19,0.408
1986-09-18,0.41
1986-09-17,0.402
1986-09-16,0.402
1986-09-15,0.407
1986-09-12,0.42
1986-09-11,0.416
1986-09-10,0.418
1986-09-09,0.434
1986-09-08,0.441
1986-09-05,0.462
1986-09-04,0.457
1986-09-03,0.455
1986-09-02,0.46
1986-08-29,0.453
1986-08-28,0.448
1986-08-27,0.441
1986-08-26,0.447
1986-08-25,0.444
1986-08-22,0.446
1986-08-21,0.451
1986-08-20,0.45
1986-08-19,0.438
1986-08-18,0.453
1986-08-15,0.448
1986-08-14,0.444
1986-08-13,0.441
1986-08-12,0.434
1986-08-11,0.415
1986-08-08,0.414
1986-08-07,0.423
1986-08-06,0.415
1986-08-05,0.41
1986-08-04,0.369
1986-08-01,0.326
1986-07-31,0.31
1986-07-30,0.33
1986-07-29,0.317
1986-07-28,0.312
1986-07-25,0.311
1986-07-24,0.322
1986-07-23,0.328
1986-07-22,0.341
1986-07-21,0.352
1986-07-18,0.348
1986-07-17,0.343
1986-07-16,0.355
1986-07-15,0.341
1986-07-14,0.32
1986-07-11,0.333
1986-07-10,0.345
1986-07-09,0.337
1986-07-08,0.352
1986-07-07,0.35
1986-07-02,0.376
1986-07-01,0.386
1986-06-30,0.397
1986-06-27,0.413
1986-06-26,0.416
1986-06-25,0.421
1986-06-24,0.404
1986-06-23,0.408
1986-06-20,0.416
1986-06-19,0.417
1986-06-18,0.413
1986-06-17,0.428
1986-06-16,0.43
1986-06-13,0.446
1986-06-12,0.434
1986-06-11,0.429
1986-06-10,0.405
1986-06-09,0.402
1986-06-06,0.41
1986-06-05,0.414
1986-06-04,0.412
1986-06-03,0.442
1986-06-02,0.449
1986-05-30,0.484
1986-05-29,0.503
1986-05-28,0.521
1986-05-27,0.532
1986-05-23,0.537
1986-05-22,0.525
1986-05-21,0.516
1986-05-20,0.535
1986-05-19,0.559
1986-05-16,0.544
1986-05-15,0.534
1986-05-14,0.539
1986-05-13,0.546
1986-05-12,0.541
1986-05-09,0.541
1986-05-08,0.534
1986-05-07,0.528
1986-05-06,0.505
1986-05-05,0.494
1986-05-02,0.516
1986-05-01,0.504
1986-04-30,0.54
1986-04-29,0.538
1986-04-28,0.552
1986-04-25,0.55
1986-04-24,0.517
1986-04-23,0.508
1986-04-22,0.477
1986-04-21,0.462
1986-04-18,0.446
1986-04-17,0.424
1986-04-16,0.423
1986-04-15,0.443
1986-04-14,0.449
1986-04-11,0.46
1986-04-10,0.448
1986-04-09,0.433
1986-04-08,0.415
1986-04-07,0.45
1986-04-04,0.416
1986-04-03,0.393
1986-04-02,0.398
1986-04-01,0.388
1986-03-31,0.368
1986-03-27,0.403
1986-03-26,0.422
1986-03-25,0.418
1986-03-24,0.4
1986-03-21,0.44
1986-03-20,0.42
1986-03-19,0.43
1986-03-18,0.429
1986-03-17,0.424
1986-03-14,0.403
1986-03-13,0.389
1986-03-12,0.428
1986-03-11,0.388
1986-03-10,0.39
1986-03-07,0.375
1986-03-06,0.385
1986-03-05,0.363
1986-03-04,0.379
1986-03-03,0.379
1986-02-28,0.408
1986-02-27,0.419
1986-02-26,0.426
1986-02-25,0.407
1986-02-24,0.418
1986-02-21,0.398
1986-02-20,0.418
1986-02-19,0.438
1986-02-18,0.436
1986-02-14,0.468
1986-02-13,0.459
1986-02-12,0.461
1986-02-11,0.483
1986-02-10,0.489
1986-02-07,0.51
1986-02-06,0.487
1986-02-05,0.49
1986-02-04,0.484
1986-02-03,0.519
1986-01-31,0.58
1986-01-30,0.594
1986-01-29,0.594
1986-01-28,0.627
1986-01-27,0.643
1986-01-24,0.6
1986-01-23,0.597
1986-01-22,0.603
1986-01-21,0.608
1986-01-20,0.598
1986-01-17,0.64
1986-01-16,0.646
1986-01-15,0.67
1986-01-14,0.663
1986-01-13,0.668
1986-01-10,0.687
1986-01-09,0.687
1986-01-08,0.692
1986-01-07,0.698
1986-01-06,0.708
1986-01-03,0.685
1986-01-02,0.677
1985-12-31,0.714
1985-12-30,0.714
1985-12-27,0.708
1985-12-26,0.688
1985-12-23,0.676
1985-12-20,0.681
1985-12-19,0.686
1985-12-18,0.673
1985-12-17,0.672
1985-12-16,0.689
1985-12-13,0.706
1985-12-12,0.708
1985-12-11,0.7
1985-12-10,0.679
1985-12-09,0.723
1985-12-06,0.759
1985-12-05,0.763
1985-12-04,0.752
1985-12-03,0.763
1985-12-02,0.768
1985-11-27,0.79
1985-11-26,0.8
1985-11-25,0.806
1985-11-22,0.806
1985-11-21,0.806
1985-11-20,0.803
1985-11-19,0.801
1985-11-18,0.795
1985-11-15,0.795
1985-11-14,0.796
1985-11-13,0.801
1985-11-12,0.802
1985-11-11,0.807
1985-11-08,0.802
1985-11-07,0.802
1985-11-06,0.796
1985-11-05,0.792
1985-11-04,0.8
1985-11-01,0.806
1985-10-31,0.827
1985-10-30,0.82
1985-10-29,0.817
1985-10-28,0.812
1985-10-25,0.815
1985-10-24,0.818
1985-10-23,0.828
1985-10-22,0.82
1985-10-21,0.823
1985-10-18,0.821
1985-10-17,0.822
1985-10-16,0.808
1985-10-15,0.811
1985-10-14,0.799
1985-10-11,0.783
1985-10-10,0.78
1985-10-09,0.786
1985-10-08,0.787
1985-10-07,0.783
1985-10-04,0.779
1985-10-03,0.778
1985-10-02,0.784
1985-10-01,0.777
1985-09-30,0.816
1985-09-27,0.82
1985-09-26,0.807
1985-09-25,0.795
1985-09-24,0.781
1985-09-23,0.775
1985-09-20,0.766
1985-09-19,0.761
1985-09-18,0.762
1985-09-17,0.764
1985-09-16,0.761
1985-09-13,0.772
1985-09-12,0.778
1985-09-11,0.767
1985-09-10,0.762
1985-09-09,0.748
1985-09-06,0.751
1985-09-05,0.752
1985-09-04,0.746
1985-09-03,0.748
1985-08-30,0.756
1985-08-29,0.764
1985-08-28,0.767
1985-08-27,0.773
1985-08-26,0.78
1985-08-23,0.778
1985-08-22,0.776
1985-08-21,0.768
1985-08-20,0.765
1985-08-19,0.762
1985-08-16,0.76
1985-08-15,0.758
1985-08-14,0.745
1985-08-13,0.736
1985-08-12,0.742
1985-08-09,0.737
1985-08-08,0.73
1985-08-07,0.727
1985-08-06,0.728
1985-08-05,0.734
1985-08-02,0.743
1985-08-01,0.742
1985-07-31,0.766
1985-07-30,0.777
1985-07-29,0.787
1985-07-26,0.792
1985-07-25,0.786
1985-07-24,0.784
1985-07-23,0.798
1985-07-22,0.8
1985-07-19,0.8
1985-07-18,0.808
1985-07-17,0.813
1985-07-16,0.815
1985-07-15,0.82
1985-07-12,0.81
1985-07-11,0.821
1985-07-10,0.83
1985-07-09,0.836
1985-07-08,0.824
1985-07-03,0.812
1985-07-02,0.814
1985-07-01,0.805
1985-06-28,0.85
1985-06-27,0.84
1985-06-26,0.844
1985-06-25,0.835
1985-06-24,0.833
1985-06-21,0.835
1985-06-20,0.846
1985-06-19,0.853
1985-06-18,0.84
1985-06-17,0.825
1985-06-14,0.815
1985-06-13,0.817
1985-06-12,0.798
1985-06-11,0.8
1985-06-10,0.797
1985-06-07,0.802
1985-06-06,0.802
1985-06-05,0.791
1985-06-04,0.801
1985-06-03,0.794
1985-05-31,0.83
1985-05-30,0.829
1985-05-29,0.828
1985-05-28,0.83
1985-05-24,0.833
1985-05-23,0.835
1985-05-22,0.832
1985-05-21,0.815
1985-05-20,0.807
1985-05-17,0.804
1985-05-16,0.801
1985-05-15,0.8
1985-05-14,0.802
1985-05-13,0.798
1985-05-10,0.792
1985-05-09,0.804
1985-05-08,0.789
1985-05-07,0.79
1985-05-06,0.793
1985-05-03,0.799
1985-05-02,0.802
1985-05-01,0.799
1985-04-30,0.829
1985-04-29,0.838
1985-04-26,0.846
1985-04-25,0.855
1985-04-24,0.864
1985-04-23,0.85
1985-04-22,0.841
1985-04-19,0.833
1985-04-18,0.823
1985-04-17,0.823
1985-04-16,0.828
1985-04-15,0.838
1985-04-12,0.83
1985-04-11,0.848
1985-04-10,0.854
1985-04-09,0.853
1985-04-08,0.853
1985-04-04,0.839
1985-04-03,0.833
1985-04-02,0.834
1985-04-01,0.825
1985-03-29,0.825
1985-03-28,0.828
1985-03-27,0.828
1985-03-26,0.836
1985-03-25,0.83
1985-03-22,0.835
1985-03-21,0.835
1985-03-20,0.823
1985-03-19,0.815
1985-03-18,0.815
1985-03-15,0.79
1985-03-14,0.79
1985-03-13,0.788
1985-03-12,0.778
1985-03-11,0.76
1985-03-08,0.76
1985-03-07,0.761
1985-03-06,0.751
1985-03-05,0.749
1985-03-04,0.76
1985-03-01,0.75
1985-02-28,0.767
1985-02-27,0.77
1985-02-26,0.77
1985-02-25,0.76
1985-02-22,0.769
1985-02-21,0.788
1985-02-20,0.779
1985-02-19,0.768
1985-02-15,0.763
1985-02-14,0.748
1985-02-13,0.745
1985-02-12,0.73
1985-02-11,0.747
1985-02-08,0.733
1985-02-07,0.728
1985-02-06,0.728
1985-02-05,0.716
1985-02-04,0.71
1985-02-01,0.716
1985-01-31,0.728
1985-01-30,0.73
1985-01-29,0.72
1985-01-28,0.706
1985-01-25,0.704
1985-01-24,0.695
1985-01-23,0.693
1985-01-22,0.693
1985-01-21,0.699
1985-01-18,0.698
1985-01-17,0.7
1985-01-16,0.691
1985-01-15,0.694
1985-01-14,0.699
1985-01-11,0.691
1985-01-10,0.681
1985-01-09,0.668
1985-01-08,0.67
1985-01-07,0.672
1985-01-04,0.662
1985-01-03,0.662
1985-01-02,0.662